0 verbose cli C:\Program Files\nodejs\node.exe C:\Program Files\nodejs\node_modules\npm\bin\npm-cli.js
1 info using npm@11.13.0
2 info using node@v24.16.0
3 silly config load:file:C:\Program Files\nodejs\node_modules\npm\npmrc
4 silly config load:file:D:\vibecoding\ssh\new-ssh\app\.npmrc
5 silly config load:file:C:\Users\yanglu\.npmrc
6 silly config load:file:C:\Users\yanglu\AppData\Roaming\npm\etc\npmrc
7 verbose title npm list
8 verbose argv "list" "--all" "--include" "prod" "--include" "optional" "--omit" "dev" "--json" "--long" "--loglevel" "silent"
9 verbose logfile logs-max:10 dir:D:\vibecoding\ssh\new-ssh\.npm-cache\_logs\2026-06-16T11_13_15_653Z-
10 verbose logfile D:\vibecoding\ssh\new-ssh\.npm-cache\_logs\2026-06-16T11_13_15_653Z-debug-0.log
11 silly logfile done cleaning log files
12 silly packumentCache heap:4496293888 maxSize:1124073472 maxEntrySize:562036736
13 verbose shrinkwrap failed to load node_modules/.package-lock.json out of date, updated: node_modules
14 verbose stack Error: extraneous: __ngcc_entry_points__.json@ D:\vibecoding\ssh\new-ssh\app\node_modules\__ngcc_entry_points__.json
14 verbose stack extraneous: @iarna/cli@2.2.0 D:\vibecoding\ssh\new-ssh\app\node_modules\@iarna\cli
14 verbose stack extraneous: @isaacs/cliui@8.0.2 D:\vibecoding\ssh\new-ssh\app\node_modules\@isaacs\cliui
14 verbose stack extraneous: @npmcli/agent@2.2.2 D:\vibecoding\ssh\new-ssh\app\node_modules\@npmcli\agent
14 verbose stack extraneous: @npmcli/fs@3.1.1 D:\vibecoding\ssh\new-ssh\app\node_modules\@npmcli\fs
14 verbose stack extraneous: @pkgjs/parseargs@0.11.0 D:\vibecoding\ssh\new-ssh\app\node_modules\@pkgjs\parseargs
14 verbose stack extraneous: @tabby-gang/node-addon-api@ D:\vibecoding\ssh\new-ssh\app\node_modules\@tabby-gang\node-addon-api
14 verbose stack extraneous: abbrev@1.1.1 D:\vibecoding\ssh\new-ssh\app\node_modules\abbrev
14 verbose stack extraneous: agent-base@7.1.4 D:\vibecoding\ssh\new-ssh\app\node_modules\agent-base
14 verbose stack extraneous: agentkeepalive@3.5.3 D:\vibecoding\ssh\new-ssh\app\node_modules\agentkeepalive
14 verbose stack extraneous: aggregate-error@3.1.0 D:\vibecoding\ssh\new-ssh\app\node_modules\aggregate-error
14 verbose stack extraneous: ajv@6.12.6 D:\vibecoding\ssh\new-ssh\app\node_modules\ajv
14 verbose stack extraneous: ansi-align@2.0.0 D:\vibecoding\ssh\new-ssh\app\node_modules\ansi-align
14 verbose stack extraneous: ansi-regex@5.0.1 D:\vibecoding\ssh\new-ssh\app\node_modules\ansi-regex
14 verbose stack extraneous: ansicolors@0.3.2 D:\vibecoding\ssh\new-ssh\app\node_modules\ansicolors
14 verbose stack extraneous: ansistyles@0.1.3 D:\vibecoding\ssh\new-ssh\app\node_modules\ansistyles
14 verbose stack extraneous: aproba@2.1.0 D:\vibecoding\ssh\new-ssh\app\node_modules\aproba
14 verbose stack extraneous: archy@1.0.0 D:\vibecoding\ssh\new-ssh\app\node_modules\archy
14 verbose stack extraneous: are-we-there-yet@1.1.7 D:\vibecoding\ssh\new-ssh\app\node_modules\are-we-there-yet
14 verbose stack extraneous: array-buffer-byte-length@1.0.2 D:\vibecoding\ssh\new-ssh\app\node_modules\array-buffer-byte-length
14 verbose stack extraneous: array.prototype.reduce@1.0.8 D:\vibecoding\ssh\new-ssh\app\node_modules\array.prototype.reduce
14 verbose stack extraneous: arraybuffer.prototype.slice@1.0.4 D:\vibecoding\ssh\new-ssh\app\node_modules\arraybuffer.prototype.slice
14 verbose stack extraneous: asap@2.0.6 D:\vibecoding\ssh\new-ssh\app\node_modules\asap
14 verbose stack extraneous: asn1@0.2.6 D:\vibecoding\ssh\new-ssh\app\node_modules\asn1
14 verbose stack extraneous: assert-plus@1.0.0 D:\vibecoding\ssh\new-ssh\app\node_modules\assert-plus
14 verbose stack extraneous: async-function@1.0.0 D:\vibecoding\ssh\new-ssh\app\node_modules\async-function
14 verbose stack extraneous: asynckit@0.4.0 D:\vibecoding\ssh\new-ssh\app\node_modules\asynckit
14 verbose stack extraneous: available-typed-arrays@1.0.7 D:\vibecoding\ssh\new-ssh\app\node_modules\available-typed-arrays
14 verbose stack extraneous: aws-sign2@0.7.0 D:\vibecoding\ssh\new-ssh\app\node_modules\aws-sign2
14 verbose stack extraneous: aws4@1.13.2 D:\vibecoding\ssh\new-ssh\app\node_modules\aws4
14 verbose stack extraneous: balanced-match@1.0.2 D:\vibecoding\ssh\new-ssh\app\node_modules\balanced-match
14 verbose stack extraneous: bcrypt-pbkdf@1.0.2 D:\vibecoding\ssh\new-ssh\app\node_modules\bcrypt-pbkdf
14 verbose stack extraneous: bin-links@1.1.8 D:\vibecoding\ssh\new-ssh\app\node_modules\bin-links
14 verbose stack extraneous: bluebird@3.7.2 D:\vibecoding\ssh\new-ssh\app\node_modules\bluebird
14 verbose stack extraneous: boxen@1.3.0 D:\vibecoding\ssh\new-ssh\app\node_modules\boxen
14 verbose stack extraneous: brace-expansion@1.1.12 D:\vibecoding\ssh\new-ssh\app\node_modules\brace-expansion
14 verbose stack extraneous: builtins@1.0.3 D:\vibecoding\ssh\new-ssh\app\node_modules\builtins
14 verbose stack extraneous: byline@5.0.0 D:\vibecoding\ssh\new-ssh\app\node_modules\byline
14 verbose stack extraneous: byte-size@5.0.1 D:\vibecoding\ssh\new-ssh\app\node_modules\byte-size
14 verbose stack extraneous: cacache@12.0.4 D:\vibecoding\ssh\new-ssh\app\node_modules\cacache
14 verbose stack extraneous: call-limit@1.1.1 D:\vibecoding\ssh\new-ssh\app\node_modules\call-limit
14 verbose stack extraneous: camelcase@4.1.0 D:\vibecoding\ssh\new-ssh\app\node_modules\camelcase
14 verbose stack extraneous: capture-stack-trace@1.0.2 D:\vibecoding\ssh\new-ssh\app\node_modules\capture-stack-trace
14 verbose stack extraneous: caseless@0.12.0 D:\vibecoding\ssh\new-ssh\app\node_modules\caseless
14 verbose stack invalid: chalk@4.1.2 D:\vibecoding\ssh\new-ssh\app\node_modules\chalk
14 verbose stack extraneous: chalk@4.1.2 D:\vibecoding\ssh\new-ssh\app\node_modules\chalk
14 verbose stack extraneous: ci-info@3.9.0 D:\vibecoding\ssh\new-ssh\app\node_modules\ci-info
14 verbose stack extraneous: cidr-regex@2.0.10 D:\vibecoding\ssh\new-ssh\app\node_modules\cidr-regex
14 verbose stack extraneous: clean-stack@2.2.0 D:\vibecoding\ssh\new-ssh\app\node_modules\clean-stack
14 verbose stack extraneous: cli-boxes@1.0.0 D:\vibecoding\ssh\new-ssh\app\node_modules\cli-boxes
14 verbose stack extraneous: cli-columns@3.1.2 D:\vibecoding\ssh\new-ssh\app\node_modules\cli-columns
14 verbose stack extraneous: cli-table3@0.5.1 D:\vibecoding\ssh\new-ssh\app\node_modules\cli-table3
14 verbose stack extraneous: clone@1.0.4 D:\vibecoding\ssh\new-ssh\app\node_modules\clone
14 verbose stack extraneous: cmd-shim@3.0.3 D:\vibecoding\ssh\new-ssh\app\node_modules\cmd-shim
14 verbose stack extraneous: code-point-at@1.1.0 D:\vibecoding\ssh\new-ssh\app\node_modules\code-point-at
14 verbose stack extraneous: colors@1.4.0 D:\vibecoding\ssh\new-ssh\app\node_modules\colors
14 verbose stack extraneous: columnify@1.5.4 D:\vibecoding\ssh\new-ssh\app\node_modules\columnify
14 verbose stack extraneous: combined-stream@1.0.8 D:\vibecoding\ssh\new-ssh\app\node_modules\combined-stream
14 verbose stack extraneous: concat-map@0.0.1 D:\vibecoding\ssh\new-ssh\app\node_modules\concat-map
14 verbose stack extraneous: concat-stream@1.6.2 D:\vibecoding\ssh\new-ssh\app\node_modules\concat-stream
14 verbose stack extraneous: config-chain@1.1.13 D:\vibecoding\ssh\new-ssh\app\node_modules\config-chain
14 verbose stack extraneous: configstore@3.1.5 D:\vibecoding\ssh\new-ssh\app\node_modules\configstore
14 verbose stack extraneous: console-control-strings@1.1.0 D:\vibecoding\ssh\new-ssh\app\node_modules\console-control-strings
14 verbose stack extraneous: copy-concurrently@1.0.5 D:\vibecoding\ssh\new-ssh\app\node_modules\copy-concurrently
14 verbose stack extraneous: core-util-is@1.0.3 D:\vibecoding\ssh\new-ssh\app\node_modules\core-util-is
14 verbose stack extraneous: create-error-class@3.0.2 D:\vibecoding\ssh\new-ssh\app\node_modules\create-error-class
14 verbose stack extraneous: crypto-random-string@1.0.0 D:\vibecoding\ssh\new-ssh\app\node_modules\crypto-random-string
14 verbose stack extraneous: cyclist@1.0.2 D:\vibecoding\ssh\new-ssh\app\node_modules\cyclist
14 verbose stack extraneous: dashdash@1.14.1 D:\vibecoding\ssh\new-ssh\app\node_modules\dashdash
14 verbose stack extraneous: data-view-buffer@1.0.2 D:\vibecoding\ssh\new-ssh\app\node_modules\data-view-buffer
14 verbose stack extraneous: data-view-byte-length@1.0.2 D:\vibecoding\ssh\new-ssh\app\node_modules\data-view-byte-length
14 verbose stack extraneous: data-view-byte-offset@1.0.1 D:\vibecoding\ssh\new-ssh\app\node_modules\data-view-byte-offset
14 verbose stack extraneous: debuglog@1.0.1 D:\vibecoding\ssh\new-ssh\app\node_modules\debuglog
14 verbose stack extraneous: decamelize@1.2.0 D:\vibecoding\ssh\new-ssh\app\node_modules\decamelize
14 verbose stack extraneous: decode-uri-component@0.2.2 D:\vibecoding\ssh\new-ssh\app\node_modules\decode-uri-component
14 verbose stack extraneous: defaults@1.0.4 D:\vibecoding\ssh\new-ssh\app\node_modules\defaults
14 verbose stack extraneous: delayed-stream@1.0.0 D:\vibecoding\ssh\new-ssh\app\node_modules\delayed-stream
14 verbose stack extraneous: delegates@1.0.0 D:\vibecoding\ssh\new-ssh\app\node_modules\delegates
14 verbose stack extraneous: detect-indent@5.0.0 D:\vibecoding\ssh\new-ssh\app\node_modules\detect-indent
14 verbose stack extraneous: detect-newline@2.1.0 D:\vibecoding\ssh\new-ssh\app\node_modules\detect-newline
14 verbose stack extraneous: dezalgo@1.0.4 D:\vibecoding\ssh\new-ssh\app\node_modules\dezalgo
14 verbose stack extraneous: dotenv@5.0.1 D:\vibecoding\ssh\new-ssh\app\node_modules\dotenv
14 verbose stack extraneous: duplexer3@0.1.5 D:\vibecoding\ssh\new-ssh\app\node_modules\duplexer3
14 verbose stack extraneous: duplexify@3.7.1 D:\vibecoding\ssh\new-ssh\app\node_modules\duplexify
14 verbose stack extraneous: eastasianwidth@0.2.0 D:\vibecoding\ssh\new-ssh\app\node_modules\eastasianwidth
14 verbose stack extraneous: ecc-jsbn@0.1.2 D:\vibecoding\ssh\new-ssh\app\node_modules\ecc-jsbn
14 verbose stack extraneous: editor@1.0.0 D:\vibecoding\ssh\new-ssh\app\node_modules\editor
14 verbose stack extraneous: encoding@0.1.13 D:\vibecoding\ssh\new-ssh\app\node_modules\encoding
14 verbose stack extraneous: err-code@1.1.2 D:\vibecoding\ssh\new-ssh\app\node_modules\err-code
14 verbose stack extraneous: errno@0.1.8 D:\vibecoding\ssh\new-ssh\app\node_modules\errno
14 verbose stack extraneous: es-abstract@1.24.1 D:\vibecoding\ssh\new-ssh\app\node_modules\es-abstract
14 verbose stack extraneous: es-array-method-boxes-properly@1.0.0 D:\vibecoding\ssh\new-ssh\app\node_modules\es-array-method-boxes-properly
14 verbose stack extraneous: es-set-tostringtag@2.1.0 D:\vibecoding\ssh\new-ssh\app\node_modules\es-set-tostringtag
14 verbose stack extraneous: es-to-primitive@1.3.0 D:\vibecoding\ssh\new-ssh\app\node_modules\es-to-primitive
14 verbose stack extraneous: es6-promise@4.2.8 D:\vibecoding\ssh\new-ssh\app\node_modules\es6-promise
14 verbose stack extraneous: es6-promisify@5.0.0 D:\vibecoding\ssh\new-ssh\app\node_modules\es6-promisify
14 verbose stack extraneous: escape-string-regexp@1.0.5 D:\vibecoding\ssh\new-ssh\app\node_modules\escape-string-regexp
14 verbose stack extraneous: execa@0.7.0 D:\vibecoding\ssh\new-ssh\app\node_modules\execa
14 verbose stack extraneous: exponential-backoff@3.1.3 D:\vibecoding\ssh\new-ssh\app\node_modules\exponential-backoff
14 verbose stack extraneous: extend@3.0.2 D:\vibecoding\ssh\new-ssh\app\node_modules\extend
14 verbose stack extraneous: extsprintf@1.3.0 D:\vibecoding\ssh\new-ssh\app\node_modules\extsprintf
14 verbose stack extraneous: fast-deep-equal@3.1.3 D:\vibecoding\ssh\new-ssh\app\node_modules\fast-deep-equal
14 verbose stack extraneous: fast-json-stable-stringify@2.1.0 D:\vibecoding\ssh\new-ssh\app\node_modules\fast-json-stable-stringify
14 verbose stack extraneous: figgy-pudding@3.5.2 D:\vibecoding\ssh\new-ssh\app\node_modules\figgy-pudding
14 verbose stack extraneous: filter-obj@1.1.0 D:\vibecoding\ssh\new-ssh\app\node_modules\filter-obj
14 verbose stack extraneous: find-npm-prefix@1.0.2 D:\vibecoding\ssh\new-ssh\app\node_modules\find-npm-prefix
14 verbose stack extraneous: find-up@2.1.0 D:\vibecoding\ssh\new-ssh\app\node_modules\find-up
14 verbose stack extraneous: flush-write-stream@1.1.1 D:\vibecoding\ssh\new-ssh\app\node_modules\flush-write-stream
14 verbose stack extraneous: for-each@0.3.5 D:\vibecoding\ssh\new-ssh\app\node_modules\for-each
14 verbose stack extraneous: foreground-child@3.3.1 D:\vibecoding\ssh\new-ssh\app\node_modules\foreground-child
14 verbose stack extraneous: forever-agent@0.6.1 D:\vibecoding\ssh\new-ssh\app\node_modules\forever-agent
14 verbose stack extraneous: form-data@2.3.3 D:\vibecoding\ssh\new-ssh\app\node_modules\form-data
14 verbose stack extraneous: from2@1.3.0 D:\vibecoding\ssh\new-ssh\app\node_modules\from2
14 verbose stack extraneous: fs-minipass@1.2.7 D:\vibecoding\ssh\new-ssh\app\node_modules\fs-minipass
14 verbose stack extraneous: fs-vacuum@1.2.10 D:\vibecoding\ssh\new-ssh\app\node_modules\fs-vacuum
14 verbose stack extraneous: fs-write-stream-atomic@1.0.10 D:\vibecoding\ssh\new-ssh\app\node_modules\fs-write-stream-atomic
14 verbose stack extraneous: fs.realpath@1.0.0 D:\vibecoding\ssh\new-ssh\app\node_modules\fs.realpath
14 verbose stack extraneous: function.prototype.name@1.1.8 D:\vibecoding\ssh\new-ssh\app\node_modules\function.prototype.name
14 verbose stack extraneous: functions-have-names@1.2.3 D:\vibecoding\ssh\new-ssh\app\node_modules\functions-have-names
14 verbose stack extraneous: gauge@2.7.4 D:\vibecoding\ssh\new-ssh\app\node_modules\gauge
14 verbose stack extraneous: generator-function@2.0.1 D:\vibecoding\ssh\new-ssh\app\node_modules\generator-function
14 verbose stack extraneous: genfun@5.0.0 D:\vibecoding\ssh\new-ssh\app\node_modules\genfun
14 verbose stack extraneous: gentle-fs@2.3.1 D:\vibecoding\ssh\new-ssh\app\node_modules\gentle-fs
14 verbose stack extraneous: get-stream@4.1.0 D:\vibecoding\ssh\new-ssh\app\node_modules\get-stream
14 verbose stack extraneous: get-symbol-description@1.1.0 D:\vibecoding\ssh\new-ssh\app\node_modules\get-symbol-description
14 verbose stack extraneous: getpass@0.1.7 D:\vibecoding\ssh\new-ssh\app\node_modules\getpass
14 verbose stack extraneous: glob@7.2.3 D:\vibecoding\ssh\new-ssh\app\node_modules\glob
14 verbose stack extraneous: global-dirs@0.1.1 D:\vibecoding\ssh\new-ssh\app\node_modules\global-dirs
14 verbose stack extraneous: globalthis@1.0.4 D:\vibecoding\ssh\new-ssh\app\node_modules\globalthis
14 verbose stack extraneous: got@6.7.1 D:\vibecoding\ssh\new-ssh\app\node_modules\got
14 verbose stack extraneous: har-schema@2.0.0 D:\vibecoding\ssh\new-ssh\app\node_modules\har-schema
14 verbose stack extraneous: har-validator@5.1.5 D:\vibecoding\ssh\new-ssh\app\node_modules\har-validator
14 verbose stack extraneous: has-bigints@1.1.0 D:\vibecoding\ssh\new-ssh\app\node_modules\has-bigints
14 verbose stack extraneous: has-flag@4.0.0 D:\vibecoding\ssh\new-ssh\app\node_modules\has-flag
14 verbose stack extraneous: has-proto@1.2.0 D:\vibecoding\ssh\new-ssh\app\node_modules\has-proto
14 verbose stack extraneous: has-tostringtag@1.0.2 D:\vibecoding\ssh\new-ssh\app\node_modules\has-tostringtag
14 verbose stack extraneous: has-unicode@2.0.1 D:\vibecoding\ssh\new-ssh\app\node_modules\has-unicode
14 verbose stack extraneous: has@1.0.4 D:\vibecoding\ssh\new-ssh\app\node_modules\has
14 verbose stack extraneous: hosted-git-info@2.8.9 D:\vibecoding\ssh\new-ssh\app\node_modules\hosted-git-info
14 verbose stack extraneous: http-cache-semantics@3.8.1 D:\vibecoding\ssh\new-ssh\app\node_modules\http-cache-semantics
14 verbose stack extraneous: http-proxy-agent@2.1.0 D:\vibecoding\ssh\new-ssh\app\node_modules\http-proxy-agent
14 verbose stack extraneous: http-signature@1.2.0 D:\vibecoding\ssh\new-ssh\app\node_modules\http-signature
14 verbose stack extraneous: https-proxy-agent@2.2.4 D:\vibecoding\ssh\new-ssh\app\node_modules\https-proxy-agent
14 verbose stack extraneous: humanize-ms@1.2.1 D:\vibecoding\ssh\new-ssh\app\node_modules\humanize-ms
14 verbose stack extraneous: iconv-lite@0.6.3 D:\vibecoding\ssh\new-ssh\app\node_modules\iconv-lite
14 verbose stack extraneous: iferr@0.1.5 D:\vibecoding\ssh\new-ssh\app\node_modules\iferr
14 verbose stack extraneous: ignore-walk@3.0.4 D:\vibecoding\ssh\new-ssh\app\node_modules\ignore-walk
14 verbose stack extraneous: import-lazy@2.1.0 D:\vibecoding\ssh\new-ssh\app\node_modules\import-lazy
14 verbose stack extraneous: indent-string@4.0.0 D:\vibecoding\ssh\new-ssh\app\node_modules\indent-string
14 verbose stack extraneous: infer-owner@1.0.4 D:\vibecoding\ssh\new-ssh\app\node_modules\infer-owner
14 verbose stack extraneous: inflight@1.0.6 D:\vibecoding\ssh\new-ssh\app\node_modules\inflight
14 verbose stack extraneous: init-package-json@1.10.3 D:\vibecoding\ssh\new-ssh\app\node_modules\init-package-json
14 verbose stack extraneous: internal-slot@1.1.0 D:\vibecoding\ssh\new-ssh\app\node_modules\internal-slot
14 verbose stack extraneous: ip-address@10.1.0 D:\vibecoding\ssh\new-ssh\app\node_modules\ip-address
14 verbose stack extraneous: ip-regex@2.1.0 D:\vibecoding\ssh\new-ssh\app\node_modules\ip-regex
14 verbose stack extraneous: ip@1.1.5 D:\vibecoding\ssh\new-ssh\app\node_modules\ip
14 verbose stack extraneous: is-array-buffer@3.0.5 D:\vibecoding\ssh\new-ssh\app\node_modules\is-array-buffer
14 verbose stack extraneous: is-async-function@2.1.1 D:\vibecoding\ssh\new-ssh\app\node_modules\is-async-function
14 verbose stack extraneous: is-bigint@1.1.0 D:\vibecoding\ssh\new-ssh\app\node_modules\is-bigint
14 verbose stack extraneous: is-boolean-object@1.2.2 D:\vibecoding\ssh\new-ssh\app\node_modules\is-boolean-object
14 verbose stack extraneous: is-callable@1.2.7 D:\vibecoding\ssh\new-ssh\app\node_modules\is-callable
14 verbose stack extraneous: is-ci@1.2.1 D:\vibecoding\ssh\new-ssh\app\node_modules\is-ci
14 verbose stack extraneous: is-cidr@3.1.1 D:\vibecoding\ssh\new-ssh\app\node_modules\is-cidr
14 verbose stack extraneous: is-core-module@2.16.1 D:\vibecoding\ssh\new-ssh\app\node_modules\is-core-module
14 verbose stack extraneous: is-data-view@1.0.2 D:\vibecoding\ssh\new-ssh\app\node_modules\is-data-view
14 verbose stack extraneous: is-date-object@1.1.0 D:\vibecoding\ssh\new-ssh\app\node_modules\is-date-object
14 verbose stack extraneous: is-finalizationregistry@1.1.1 D:\vibecoding\ssh\new-ssh\app\node_modules\is-finalizationregistry
14 verbose stack extraneous: is-fullwidth-code-point@3.0.0 D:\vibecoding\ssh\new-ssh\app\node_modules\is-fullwidth-code-point
14 verbose stack extraneous: is-generator-function@1.1.2 D:\vibecoding\ssh\new-ssh\app\node_modules\is-generator-function
14 verbose stack extraneous: is-installed-globally@0.1.0 D:\vibecoding\ssh\new-ssh\app\node_modules\is-installed-globally
14 verbose stack extraneous: is-lambda@1.0.1 D:\vibecoding\ssh\new-ssh\app\node_modules\is-lambda
14 verbose stack extraneous: is-map@2.0.3 D:\vibecoding\ssh\new-ssh\app\node_modules\is-map
14 verbose stack extraneous: is-negative-zero@2.0.3 D:\vibecoding\ssh\new-ssh\app\node_modules\is-negative-zero
14 verbose stack extraneous: is-npm@1.0.0 D:\vibecoding\ssh\new-ssh\app\node_modules\is-npm
14 verbose stack extraneous: is-number-object@1.1.1 D:\vibecoding\ssh\new-ssh\app\node_modules\is-number-object
14 verbose stack extraneous: is-path-inside@1.0.1 D:\vibecoding\ssh\new-ssh\app\node_modules\is-path-inside
14 verbose stack extraneous: is-redirect@1.0.0 D:\vibecoding\ssh\new-ssh\app\node_modules\is-redirect
14 verbose stack extraneous: is-regex@1.2.1 D:\vibecoding\ssh\new-ssh\app\node_modules\is-regex
14 verbose stack extraneous: is-retry-allowed@1.2.0 D:\vibecoding\ssh\new-ssh\app\node_modules\is-retry-allowed
14 verbose stack extraneous: is-set@2.0.3 D:\vibecoding\ssh\new-ssh\app\node_modules\is-set
14 verbose stack extraneous: is-shared-array-buffer@1.0.4 D:\vibecoding\ssh\new-ssh\app\node_modules\is-shared-array-buffer
14 verbose stack extraneous: is-stream@1.1.0 D:\vibecoding\ssh\new-ssh\app\node_modules\is-stream
14 verbose stack extraneous: is-string@1.1.1 D:\vibecoding\ssh\new-ssh\app\node_modules\is-string
14 verbose stack extraneous: is-symbol@1.1.1 D:\vibecoding\ssh\new-ssh\app\node_modules\is-symbol
14 verbose stack extraneous: is-typed-array@1.1.15 D:\vibecoding\ssh\new-ssh\app\node_modules\is-typed-array
14 verbose stack extraneous: is-typedarray@1.0.0 D:\vibecoding\ssh\new-ssh\app\node_modules\is-typedarray
14 verbose stack extraneous: is-weakmap@2.0.2 D:\vibecoding\ssh\new-ssh\app\node_modules\is-weakmap
14 verbose stack extraneous: is-weakref@1.1.1 D:\vibecoding\ssh\new-ssh\app\node_modules\is-weakref
14 verbose stack extraneous: is-weakset@2.0.4 D:\vibecoding\ssh\new-ssh\app\node_modules\is-weakset
14 verbose stack extraneous: isstream@0.1.2 D:\vibecoding\ssh\new-ssh\app\node_modules\isstream
14 verbose stack extraneous: jackspeak@3.4.3 D:\vibecoding\ssh\new-ssh\app\node_modules\jackspeak
14 verbose stack extraneous: jsbn@0.1.1 D:\vibecoding\ssh\new-ssh\app\node_modules\jsbn
14 verbose stack extraneous: json-parse-better-errors@1.0.2 D:\vibecoding\ssh\new-ssh\app\node_modules\json-parse-better-errors
14 verbose stack extraneous: json-parse-even-better-errors@2.3.1 D:\vibecoding\ssh\new-ssh\app\node_modules\json-parse-even-better-errors
14 verbose stack extraneous: json-schema-traverse@0.4.1 D:\vibecoding\ssh\new-ssh\app\node_modules\json-schema-traverse
14 verbose stack extraneous: json-schema@0.4.0 D:\vibecoding\ssh\new-ssh\app\node_modules\json-schema
14 verbose stack extraneous: json-stringify-safe@5.0.1 D:\vibecoding\ssh\new-ssh\app\node_modules\json-stringify-safe
14 verbose stack extraneous: jsonparse@1.3.1 D:\vibecoding\ssh\new-ssh\app\node_modules\jsonparse
14 verbose stack extraneous: JSONStream@1.3.5 D:\vibecoding\ssh\new-ssh\app\node_modules\JSONStream
14 verbose stack extraneous: jsprim@1.4.2 D:\vibecoding\ssh\new-ssh\app\node_modules\jsprim
14 verbose stack extraneous: latest-version@3.1.0 D:\vibecoding\ssh\new-ssh\app\node_modules\latest-version
14 verbose stack extraneous: lazy-property@1.0.0 D:\vibecoding\ssh\new-ssh\app\node_modules\lazy-property
14 verbose stack extraneous: libcipm@4.0.8 D:\vibecoding\ssh\new-ssh\app\node_modules\libcipm
14 verbose stack extraneous: libnpm@3.0.1 D:\vibecoding\ssh\new-ssh\app\node_modules\libnpm
14 verbose stack extraneous: libnpmaccess@3.0.2 D:\vibecoding\ssh\new-ssh\app\node_modules\libnpmaccess
14 verbose stack extraneous: libnpmconfig@1.2.1 D:\vibecoding\ssh\new-ssh\app\node_modules\libnpmconfig
14 verbose stack extraneous: libnpmhook@5.0.3 D:\vibecoding\ssh\new-ssh\app\node_modules\libnpmhook
14 verbose stack extraneous: libnpmorg@1.0.1 D:\vibecoding\ssh\new-ssh\app\node_modules\libnpmorg
14 verbose stack extraneous: libnpmpublish@1.1.3 D:\vibecoding\ssh\new-ssh\app\node_modules\libnpmpublish
14 verbose stack extraneous: libnpmsearch@2.0.2 D:\vibecoding\ssh\new-ssh\app\node_modules\libnpmsearch
14 verbose stack extraneous: libnpmteam@1.0.2 D:\vibecoding\ssh\new-ssh\app\node_modules\libnpmteam
14 verbose stack extraneous: libnpx@10.2.4 D:\vibecoding\ssh\new-ssh\app\node_modules\libnpx
14 verbose stack extraneous: locate-path@2.0.0 D:\vibecoding\ssh\new-ssh\app\node_modules\locate-path
14 verbose stack extraneous: lock-verify@2.2.2 D:\vibecoding\ssh\new-ssh\app\node_modules\lock-verify
14 verbose stack extraneous: lockfile@1.0.4 D:\vibecoding\ssh\new-ssh\app\node_modules\lockfile
14 verbose stack extraneous: lodash._baseuniq@4.6.0 D:\vibecoding\ssh\new-ssh\app\node_modules\lodash._baseuniq
14 verbose stack extraneous: lodash._createset@4.0.3 D:\vibecoding\ssh\new-ssh\app\node_modules\lodash._createset
14 verbose stack extraneous: lodash._root@3.0.1 D:\vibecoding\ssh\new-ssh\app\node_modules\lodash._root
14 verbose stack extraneous: lodash.clonedeep@4.5.0 D:\vibecoding\ssh\new-ssh\app\node_modules\lodash.clonedeep
14 verbose stack extraneous: lodash.union@4.6.0 D:\vibecoding\ssh\new-ssh\app\node_modules\lodash.union
14 verbose stack extraneous: lodash.uniq@4.5.0 D:\vibecoding\ssh\new-ssh\app\node_modules\lodash.uniq
14 verbose stack extraneous: lodash.without@4.4.0 D:\vibecoding\ssh\new-ssh\app\node_modules\lodash.without
14 verbose stack extraneous: lowercase-keys@1.0.1 D:\vibecoding\ssh\new-ssh\app\node_modules\lowercase-keys
14 verbose stack extraneous: lru-cache@5.1.1 D:\vibecoding\ssh\new-ssh\app\node_modules\lru-cache
14 verbose stack extraneous: make-fetch-happen@5.0.2 D:\vibecoding\ssh\new-ssh\app\node_modules\make-fetch-happen
14 verbose stack extraneous: meant@1.0.3 D:\vibecoding\ssh\new-ssh\app\node_modules\meant
14 verbose stack extraneous: mime-db@1.52.0 D:\vibecoding\ssh\new-ssh\app\node_modules\mime-db
14 verbose stack extraneous: mime-types@2.1.35 D:\vibecoding\ssh\new-ssh\app\node_modules\mime-types
14 verbose stack extraneous: minimatch@3.1.2 D:\vibecoding\ssh\new-ssh\app\node_modules\minimatch
14 verbose stack extraneous: minipass-collect@2.0.1 D:\vibecoding\ssh\new-ssh\app\node_modules\minipass-collect
14 verbose stack extraneous: minipass-fetch@3.0.5 D:\vibecoding\ssh\new-ssh\app\node_modules\minipass-fetch
14 verbose stack extraneous: minipass-flush@1.0.5 D:\vibecoding\ssh\new-ssh\app\node_modules\minipass-flush
14 verbose stack extraneous: minipass-pipeline@1.2.4 D:\vibecoding\ssh\new-ssh\app\node_modules\minipass-pipeline
14 verbose stack extraneous: minipass-sized@1.0.3 D:\vibecoding\ssh\new-ssh\app\node_modules\minipass-sized
14 verbose stack extraneous: minipass@7.1.2 D:\vibecoding\ssh\new-ssh\app\node_modules\minipass
14 verbose stack extraneous: minizlib@2.1.2 D:\vibecoding\ssh\new-ssh\app\node_modules\minizlib
14 verbose stack extraneous: mississippi@3.0.0 D:\vibecoding\ssh\new-ssh\app\node_modules\mississippi
14 verbose stack extraneous: mkdirp@0.5.6 D:\vibecoding\ssh\new-ssh\app\node_modules\mkdirp
14 verbose stack extraneous: move-concurrently@1.0.1 D:\vibecoding\ssh\new-ssh\app\node_modules\move-concurrently
14 verbose stack extraneous: mute-stream@0.0.8 D:\vibecoding\ssh\new-ssh\app\node_modules\mute-stream
14 verbose stack extraneous: negotiator@0.6.4 D:\vibecoding\ssh\new-ssh\app\node_modules\negotiator
14 verbose stack extraneous: node-fetch-npm@2.0.4 D:\vibecoding\ssh\new-ssh\app\node_modules\node-fetch-npm
14 verbose stack extraneous: node-gyp@10.0.1 D:\vibecoding\ssh\new-ssh\app\node_modules\node-gyp
14 verbose stack extraneous: nopt@4.0.3 D:\vibecoding\ssh\new-ssh\app\node_modules\nopt
14 verbose stack extraneous: normalize-package-data@2.5.0 D:\vibecoding\ssh\new-ssh\app\node_modules\normalize-package-data
14 verbose stack extraneous: npm-audit-report@1.3.3 D:\vibecoding\ssh\new-ssh\app\node_modules\npm-audit-report
14 verbose stack extraneous: npm-bundled@1.1.2 D:\vibecoding\ssh\new-ssh\app\node_modules\npm-bundled
14 verbose stack extraneous: npm-cache-filename@1.0.2 D:\vibecoding\ssh\new-ssh\app\node_modules\npm-cache-filename
14 verbose stack extraneous: npm-install-checks@3.0.2 D:\vibecoding\ssh\new-ssh\app\node_modules\npm-install-checks
14 verbose stack extraneous: npm-lifecycle@3.1.5 D:\vibecoding\ssh\new-ssh\app\node_modules\npm-lifecycle
14 verbose stack extraneous: npm-logical-tree@1.2.1 D:\vibecoding\ssh\new-ssh\app\node_modules\npm-logical-tree
14 verbose stack extraneous: npm-normalize-package-bin@1.0.1 D:\vibecoding\ssh\new-ssh\app\node_modules\npm-normalize-package-bin
14 verbose stack extraneous: npm-package-arg@6.1.1 D:\vibecoding\ssh\new-ssh\app\node_modules\npm-package-arg
14 verbose stack extraneous: npm-packlist@1.4.8 D:\vibecoding\ssh\new-ssh\app\node_modules\npm-packlist
14 verbose stack extraneous: npm-pick-manifest@3.0.2 D:\vibecoding\ssh\new-ssh\app\node_modules\npm-pick-manifest
14 verbose stack extraneous: npm-profile@4.0.4 D:\vibecoding\ssh\new-ssh\app\node_modules\npm-profile
14 verbose stack extraneous: npm-registry-fetch@4.0.7 D:\vibecoding\ssh\new-ssh\app\node_modules\npm-registry-fetch
14 verbose stack extraneous: npm-run-path@2.0.2 D:\vibecoding\ssh\new-ssh\app\node_modules\npm-run-path
14 verbose stack extraneous: npm-user-validate@1.0.1 D:\vibecoding\ssh\new-ssh\app\node_modules\npm-user-validate
14 verbose stack extraneous: npmlog@4.1.2 D:\vibecoding\ssh\new-ssh\app\node_modules\npmlog
14 verbose stack extraneous: number-is-nan@1.0.1 D:\vibecoding\ssh\new-ssh\app\node_modules\number-is-nan
14 verbose stack extraneous: oauth-sign@0.9.0 D:\vibecoding\ssh\new-ssh\app\node_modules\oauth-sign
14 verbose stack extraneous: object-inspect@1.13.4 D:\vibecoding\ssh\new-ssh\app\node_modules\object-inspect
14 verbose stack extraneous: object.assign@4.1.7 D:\vibecoding\ssh\new-ssh\app\node_modules\object.assign
14 verbose stack extraneous: object.getownpropertydescriptors@2.1.9 D:\vibecoding\ssh\new-ssh\app\node_modules\object.getownpropertydescriptors
14 verbose stack extraneous: opener@1.5.2 D:\vibecoding\ssh\new-ssh\app\node_modules\opener
14 verbose stack extraneous: os-tmpdir@1.0.2 D:\vibecoding\ssh\new-ssh\app\node_modules\os-tmpdir
14 verbose stack extraneous: osenv@0.1.5 D:\vibecoding\ssh\new-ssh\app\node_modules\osenv
14 verbose stack extraneous: own-keys@1.0.1 D:\vibecoding\ssh\new-ssh\app\node_modules\own-keys
14 verbose stack extraneous: p-finally@1.0.0 D:\vibecoding\ssh\new-ssh\app\node_modules\p-finally
14 verbose stack extraneous: p-limit@1.3.0 D:\vibecoding\ssh\new-ssh\app\node_modules\p-limit
14 verbose stack extraneous: p-locate@2.0.0 D:\vibecoding\ssh\new-ssh\app\node_modules\p-locate
14 verbose stack extraneous: p-map@4.0.0 D:\vibecoding\ssh\new-ssh\app\node_modules\p-map
14 verbose stack extraneous: p-try@1.0.0 D:\vibecoding\ssh\new-ssh\app\node_modules\p-try
14 verbose stack extraneous: package-json-from-dist@1.0.1 D:\vibecoding\ssh\new-ssh\app\node_modules\package-json-from-dist
14 verbose stack extraneous: package-json@4.0.1 D:\vibecoding\ssh\new-ssh\app\node_modules\package-json
14 verbose stack extraneous: pacote@9.5.12 D:\vibecoding\ssh\new-ssh\app\node_modules\pacote
14 verbose stack extraneous: parallel-transform@1.2.0 D:\vibecoding\ssh\new-ssh\app\node_modules\parallel-transform
14 verbose stack extraneous: path-is-absolute@1.0.1 D:\vibecoding\ssh\new-ssh\app\node_modules\path-is-absolute
14 verbose stack extraneous: path-is-inside@1.0.2 D:\vibecoding\ssh\new-ssh\app\node_modules\path-is-inside
14 verbose stack extraneous: path-parse@1.0.7 D:\vibecoding\ssh\new-ssh\app\node_modules\path-parse
14 verbose stack extraneous: path-scurry@1.11.1 D:\vibecoding\ssh\new-ssh\app\node_modules\path-scurry
14 verbose stack extraneous: performance-now@2.1.0 D:\vibecoding\ssh\new-ssh\app\node_modules\performance-now
14 verbose stack extraneous: possible-typed-array-names@1.1.0 D:\vibecoding\ssh\new-ssh\app\node_modules\possible-typed-array-names
14 verbose stack extraneous: prepend-http@1.0.4 D:\vibecoding\ssh\new-ssh\app\node_modules\prepend-http
14 verbose stack extraneous: proc-log@3.0.0 D:\vibecoding\ssh\new-ssh\app\node_modules\proc-log
14 verbose stack extraneous: process-nextick-args@2.0.1 D:\vibecoding\ssh\new-ssh\app\node_modules\process-nextick-args
14 verbose stack extraneous: promise-inflight@1.0.1 D:\vibecoding\ssh\new-ssh\app\node_modules\promise-inflight
14 verbose stack extraneous: promise-retry@1.1.1 D:\vibecoding\ssh\new-ssh\app\node_modules\promise-retry
14 verbose stack extraneous: promzard@0.3.0 D:\vibecoding\ssh\new-ssh\app\node_modules\promzard
14 verbose stack extraneous: proto-list@1.2.4 D:\vibecoding\ssh\new-ssh\app\node_modules\proto-list
14 verbose stack extraneous: protoduck@5.0.1 D:\vibecoding\ssh\new-ssh\app\node_modules\protoduck
14 verbose stack extraneous: prr@1.0.1 D:\vibecoding\ssh\new-ssh\app\node_modules\prr
14 verbose stack extraneous: pseudomap@1.0.2 D:\vibecoding\ssh\new-ssh\app\node_modules\pseudomap
14 verbose stack extraneous: psl@1.15.0 D:\vibecoding\ssh\new-ssh\app\node_modules\psl
14 verbose stack extraneous: pumpify@1.5.1 D:\vibecoding\ssh\new-ssh\app\node_modules\pumpify
14 verbose stack extraneous: punycode@2.3.1 D:\vibecoding\ssh\new-ssh\app\node_modules\punycode
14 verbose stack extraneous: qrcode-terminal@0.12.0 D:\vibecoding\ssh\new-ssh\app\node_modules\qrcode-terminal
14 verbose stack extraneous: qs@6.5.3 D:\vibecoding\ssh\new-ssh\app\node_modules\qs
14 verbose stack extraneous: query-string@6.14.1 D:\vibecoding\ssh\new-ssh\app\node_modules\query-string
14 verbose stack extraneous: qw@1.0.2 D:\vibecoding\ssh\new-ssh\app\node_modules\qw
14 verbose stack extraneous: read-cmd-shim@1.0.5 D:\vibecoding\ssh\new-ssh\app\node_modules\read-cmd-shim
14 verbose stack extraneous: read-installed@4.0.3 D:\vibecoding\ssh\new-ssh\app\node_modules\read-installed
14 verbose stack extraneous: read-package-json@2.1.2 D:\vibecoding\ssh\new-ssh\app\node_modules\read-package-json
14 verbose stack extraneous: read-package-tree@5.3.1 D:\vibecoding\ssh\new-ssh\app\node_modules\read-package-tree
14 verbose stack extraneous: read@1.0.7 D:\vibecoding\ssh\new-ssh\app\node_modules\read
14 verbose stack extraneous: readable-stream@2.3.8 D:\vibecoding\ssh\new-ssh\app\node_modules\readable-stream
14 verbose stack extraneous: readdir-scoped-modules@1.1.0 D:\vibecoding\ssh\new-ssh\app\node_modules\readdir-scoped-modules
14 verbose stack extraneous: reflect.getprototypeof@1.0.10 D:\vibecoding\ssh\new-ssh\app\node_modules\reflect.getprototypeof
14 verbose stack extraneous: regexp.prototype.flags@1.5.4 D:\vibecoding\ssh\new-ssh\app\node_modules\regexp.prototype.flags
14 verbose stack extraneous: registry-auth-token@3.4.0 D:\vibecoding\ssh\new-ssh\app\node_modules\registry-auth-token
14 verbose stack extraneous: registry-url@3.1.0 D:\vibecoding\ssh\new-ssh\app\node_modules\registry-url
14 verbose stack extraneous: request@2.88.2 D:\vibecoding\ssh\new-ssh\app\node_modules\request
14 verbose stack extraneous: require-main-filename@2.0.0 D:\vibecoding\ssh\new-ssh\app\node_modules\require-main-filename
14 verbose stack extraneous: resolve-from@4.0.0 D:\vibecoding\ssh\new-ssh\app\node_modules\resolve-from
14 verbose stack extraneous: resolve@1.22.11 D:\vibecoding\ssh\new-ssh\app\node_modules\resolve
14 verbose stack extraneous: retry@0.12.0 D:\vibecoding\ssh\new-ssh\app\node_modules\retry
14 verbose stack extraneous: rimraf@2.7.1 D:\vibecoding\ssh\new-ssh\app\node_modules\rimraf
14 verbose stack extraneous: run-queue@1.0.3 D:\vibecoding\ssh\new-ssh\app\node_modules\run-queue
14 verbose stack extraneous: safe-array-concat@1.1.3 D:\vibecoding\ssh\new-ssh\app\node_modules\safe-array-concat
14 verbose stack extraneous: safe-push-apply@1.0.0 D:\vibecoding\ssh\new-ssh\app\node_modules\safe-push-apply
14 verbose stack extraneous: safe-regex-test@1.1.0 D:\vibecoding\ssh\new-ssh\app\node_modules\safe-regex-test
14 verbose stack extraneous: safer-buffer@2.1.2 D:\vibecoding\ssh\new-ssh\app\node_modules\safer-buffer
14 verbose stack extraneous: semver-diff@2.1.0 D:\vibecoding\ssh\new-ssh\app\node_modules\semver-diff
14 verbose stack invalid: semver@7.8.4 D:\vibecoding\ssh\new-ssh\app\node_modules\semver
14 verbose stack extraneous: semver@7.8.4 D:\vibecoding\ssh\new-ssh\app\node_modules\semver
14 verbose stack extraneous: set-blocking@2.0.0 D:\vibecoding\ssh\new-ssh\app\node_modules\set-blocking
14 verbose stack extraneous: set-function-name@2.0.2 D:\vibecoding\ssh\new-ssh\app\node_modules\set-function-name
14 verbose stack extraneous: set-proto@1.0.0 D:\vibecoding\ssh\new-ssh\app\node_modules\set-proto
14 verbose stack extraneous: sha@3.0.0 D:\vibecoding\ssh\new-ssh\app\node_modules\sha
14 verbose stack extraneous: side-channel-list@1.0.0 D:\vibecoding\ssh\new-ssh\app\node_modules\side-channel-list
14 verbose stack extraneous: side-channel-map@1.0.1 D:\vibecoding\ssh\new-ssh\app\node_modules\side-channel-map
14 verbose stack extraneous: side-channel-weakmap@1.0.2 D:\vibecoding\ssh\new-ssh\app\node_modules\side-channel-weakmap
14 verbose stack extraneous: side-channel@1.1.0 D:\vibecoding\ssh\new-ssh\app\node_modules\side-channel
14 verbose stack extraneous: slide@1.1.6 D:\vibecoding\ssh\new-ssh\app\node_modules\slide
14 verbose stack extraneous: smart-buffer@4.2.0 D:\vibecoding\ssh\new-ssh\app\node_modules\smart-buffer
14 verbose stack extraneous: socks-proxy-agent@4.0.2 D:\vibecoding\ssh\new-ssh\app\node_modules\socks-proxy-agent
14 verbose stack extraneous: socks@2.3.3 D:\vibecoding\ssh\new-ssh\app\node_modules\socks
14 verbose stack extraneous: sorted-object@2.0.1 D:\vibecoding\ssh\new-ssh\app\node_modules\sorted-object
14 verbose stack extraneous: sorted-union-stream@2.1.3 D:\vibecoding\ssh\new-ssh\app\node_modules\sorted-union-stream
14 verbose stack extraneous: spdx-correct@3.2.0 D:\vibecoding\ssh\new-ssh\app\node_modules\spdx-correct
14 verbose stack extraneous: spdx-exceptions@2.5.0 D:\vibecoding\ssh\new-ssh\app\node_modules\spdx-exceptions
14 verbose stack extraneous: spdx-expression-parse@3.0.1 D:\vibecoding\ssh\new-ssh\app\node_modules\spdx-expression-parse
14 verbose stack extraneous: spdx-license-ids@3.0.22 D:\vibecoding\ssh\new-ssh\app\node_modules\spdx-license-ids
14 verbose stack extraneous: split-on-first@1.1.0 D:\vibecoding\ssh\new-ssh\app\node_modules\split-on-first
14 verbose stack extraneous: sshpk@1.18.0 D:\vibecoding\ssh\new-ssh\app\node_modules\sshpk
14 verbose stack extraneous: ssri@6.0.2 D:\vibecoding\ssh\new-ssh\app\node_modules\ssri
14 verbose stack extraneous: stop-iteration-iterator@1.1.0 D:\vibecoding\ssh\new-ssh\app\node_modules\stop-iteration-iterator
14 verbose stack extraneous: stream-each@1.2.3 D:\vibecoding\ssh\new-ssh\app\node_modules\stream-each
14 verbose stack extraneous: stream-iterate@1.2.0 D:\vibecoding\ssh\new-ssh\app\node_modules\stream-iterate
14 verbose stack extraneous: stream-shift@1.0.3 D:\vibecoding\ssh\new-ssh\app\node_modules\stream-shift
14 verbose stack extraneous: strict-uri-encode@2.0.0 D:\vibecoding\ssh\new-ssh\app\node_modules\strict-uri-encode
14 verbose stack extraneous: string-width-cjs@npm:string-width@4.2.3 D:\vibecoding\ssh\new-ssh\app\node_modules\string-width-cjs
14 verbose stack extraneous: string.prototype.trim@1.2.10 D:\vibecoding\ssh\new-ssh\app\node_modules\string.prototype.trim
14 verbose stack extraneous: string.prototype.trimend@1.0.9 D:\vibecoding\ssh\new-ssh\app\node_modules\string.prototype.trimend
14 verbose stack extraneous: string.prototype.trimstart@1.0.8 D:\vibecoding\ssh\new-ssh\app\node_modules\string.prototype.trimstart
14 verbose stack extraneous: stringify-package@1.0.1 D:\vibecoding\ssh\new-ssh\app\node_modules\stringify-package
14 verbose stack extraneous: strip-ansi-cjs@npm:strip-ansi@6.0.1 D:\vibecoding\ssh\new-ssh\app\node_modules\strip-ansi-cjs
14 verbose stack extraneous: strip-eof@1.0.0 D:\vibecoding\ssh\new-ssh\app\node_modules\strip-eof
14 verbose stack extraneous: supports-color@7.2.0 D:\vibecoding\ssh\new-ssh\app\node_modules\supports-color
14 verbose stack extraneous: supports-preserve-symlinks-flag@1.0.0 D:\vibecoding\ssh\new-ssh\app\node_modules\supports-preserve-symlinks-flag
14 verbose stack missing: tabby-community-color-schemes@*, required by tabby@1.0.1
14 verbose stack missing: tabby-core@*, required by tabby@1.0.1
14 verbose stack missing: tabby-electron@*, required by tabby@1.0.1
14 verbose stack missing: tabby-local@*, required by tabby@1.0.1
14 verbose stack missing: tabby-plugin-manager@*, required by tabby@1.0.1
14 verbose stack missing: tabby-serial@*, required by tabby@1.0.1
14 verbose stack missing: tabby-settings@*, required by tabby@1.0.1
14 verbose stack missing: tabby-ssh@*, required by tabby@1.0.1
14 verbose stack missing: tabby-terminal@*, required by tabby@1.0.1
14 verbose stack extraneous: tar-fs@2.1.1 D:\vibecoding\ssh\new-ssh\app\node_modules\tar-fs
14 verbose stack extraneous: tar@4.4.19 D:\vibecoding\ssh\new-ssh\app\node_modules\tar
14 verbose stack extraneous: term-size@1.2.0 D:\vibecoding\ssh\new-ssh\app\node_modules\term-size
14 verbose stack extraneous: text-table@0.2.0 D:\vibecoding\ssh\new-ssh\app\node_modules\text-table
14 verbose stack extraneous: through@2.3.8 D:\vibecoding\ssh\new-ssh\app\node_modules\through
14 verbose stack extraneous: through2@2.0.5 D:\vibecoding\ssh\new-ssh\app\node_modules\through2
14 verbose stack extraneous: timed-out@4.0.1 D:\vibecoding\ssh\new-ssh\app\node_modules\timed-out
14 verbose stack extraneous: tiny-relative-date@1.3.0 D:\vibecoding\ssh\new-ssh\app\node_modules\tiny-relative-date
14 verbose stack extraneous: tough-cookie@2.5.0 D:\vibecoding\ssh\new-ssh\app\node_modules\tough-cookie
14 verbose stack extraneous: tweetnacl@0.14.5 D:\vibecoding\ssh\new-ssh\app\node_modules\tweetnacl
14 verbose stack extraneous: typed-array-buffer@1.0.3 D:\vibecoding\ssh\new-ssh\app\node_modules\typed-array-buffer
14 verbose stack extraneous: typed-array-byte-length@1.0.3 D:\vibecoding\ssh\new-ssh\app\node_modules\typed-array-byte-length
14 verbose stack extraneous: typed-array-byte-offset@1.0.4 D:\vibecoding\ssh\new-ssh\app\node_modules\typed-array-byte-offset
14 verbose stack extraneous: typed-array-length@1.0.7 D:\vibecoding\ssh\new-ssh\app\node_modules\typed-array-length
14 verbose stack extraneous: typedarray@0.0.6 D:\vibecoding\ssh\new-ssh\app\node_modules\typedarray
14 verbose stack extraneous: uid-number@0.0.6 D:\vibecoding\ssh\new-ssh\app\node_modules\uid-number
14 verbose stack extraneous: umask@1.1.0 D:\vibecoding\ssh\new-ssh\app\node_modules\umask
14 verbose stack extraneous: unbox-primitive@1.1.0 D:\vibecoding\ssh\new-ssh\app\node_modules\unbox-primitive
14 verbose stack extraneous: unique-filename@1.1.1 D:\vibecoding\ssh\new-ssh\app\node_modules\unique-filename
14 verbose stack extraneous: unique-slug@2.0.2 D:\vibecoding\ssh\new-ssh\app\node_modules\unique-slug
14 verbose stack extraneous: unique-string@1.0.0 D:\vibecoding\ssh\new-ssh\app\node_modules\unique-string
14 verbose stack extraneous: unpipe@1.0.0 D:\vibecoding\ssh\new-ssh\app\node_modules\unpipe
14 verbose stack extraneous: unzip-response@2.0.1 D:\vibecoding\ssh\new-ssh\app\node_modules\unzip-response
14 verbose stack extraneous: update-notifier@2.5.0 D:\vibecoding\ssh\new-ssh\app\node_modules\update-notifier
14 verbose stack extraneous: uri-js@4.4.1 D:\vibecoding\ssh\new-ssh\app\node_modules\uri-js
14 verbose stack extraneous: url-parse-lax@1.0.0 D:\vibecoding\ssh\new-ssh\app\node_modules\url-parse-lax
14 verbose stack extraneous: util-extend@1.0.3 D:\vibecoding\ssh\new-ssh\app\node_modules\util-extend
14 verbose stack extraneous: util-promisify@2.1.0 D:\vibecoding\ssh\new-ssh\app\node_modules\util-promisify
14 verbose stack extraneous: validate-npm-package-license@3.0.4 D:\vibecoding\ssh\new-ssh\app\node_modules\validate-npm-package-license
14 verbose stack extraneous: validate-npm-package-name@3.0.0 D:\vibecoding\ssh\new-ssh\app\node_modules\validate-npm-package-name
14 verbose stack extraneous: verror@1.10.0 D:\vibecoding\ssh\new-ssh\app\node_modules\verror
14 verbose stack extraneous: wcwidth@1.0.1 D:\vibecoding\ssh\new-ssh\app\node_modules\wcwidth
14 verbose stack extraneous: which-boxed-primitive@1.1.1 D:\vibecoding\ssh\new-ssh\app\node_modules\which-boxed-primitive
14 verbose stack extraneous: which-builtin-type@1.2.1 D:\vibecoding\ssh\new-ssh\app\node_modules\which-builtin-type
14 verbose stack extraneous: which-collection@1.0.2 D:\vibecoding\ssh\new-ssh\app\node_modules\which-collection
14 verbose stack extraneous: which-module@2.0.1 D:\vibecoding\ssh\new-ssh\app\node_modules\which-module
14 verbose stack extraneous: which-typed-array@1.1.19 D:\vibecoding\ssh\new-ssh\app\node_modules\which-typed-array
14 verbose stack invalid: which@2.0.2 D:\vibecoding\ssh\new-ssh\app\node_modules\which
14 verbose stack extraneous: which@2.0.2 D:\vibecoding\ssh\new-ssh\app\node_modules\which
14 verbose stack extraneous: wide-align@1.1.5 D:\vibecoding\ssh\new-ssh\app\node_modules\wide-align
14 verbose stack extraneous: widest-line@2.0.1 D:\vibecoding\ssh\new-ssh\app\node_modules\widest-line
14 verbose stack extraneous: worker-farm@1.7.0 D:\vibecoding\ssh\new-ssh\app\node_modules\worker-farm
14 verbose stack extraneous: wrap-ansi-cjs@npm:wrap-ansi@7.0.0 D:\vibecoding\ssh\new-ssh\app\node_modules\wrap-ansi-cjs
14 verbose stack extraneous: xdg-basedir@3.0.0 D:\vibecoding\ssh\new-ssh\app\node_modules\xdg-basedir
14 verbose stack extraneous: xtend@4.0.2 D:\vibecoding\ssh\new-ssh\app\node_modules\xtend
14 verbose stack invalid: y18n@5.0.8 D:\vibecoding\ssh\new-ssh\app\node_modules\y18n
14 verbose stack extraneous: y18n@5.0.8 D:\vibecoding\ssh\new-ssh\app\node_modules\y18n
14 verbose stack extraneous: yallist@3.1.1 D:\vibecoding\ssh\new-ssh\app\node_modules\yallist
14 verbose stack missing: electron@>= 13.0.0, required by @electron/remote@2.1.3
14 verbose stack extraneous: ansi-regex@6.2.2 D:\vibecoding\ssh\new-ssh\app\node_modules\@isaacs\cliui\node_modules\ansi-regex
14 verbose stack extraneous: ansi-styles@6.2.3 D:\vibecoding\ssh\new-ssh\app\node_modules\@isaacs\cliui\node_modules\ansi-styles
14 verbose stack extraneous: emoji-regex@9.2.2 D:\vibecoding\ssh\new-ssh\app\node_modules\@isaacs\cliui\node_modules\emoji-regex
14 verbose stack extraneous: string-width@5.1.2 D:\vibecoding\ssh\new-ssh\app\node_modules\@isaacs\cliui\node_modules\string-width
14 verbose stack extraneous: strip-ansi@7.1.2 D:\vibecoding\ssh\new-ssh\app\node_modules\@isaacs\cliui\node_modules\strip-ansi
14 verbose stack extraneous: wrap-ansi@8.1.0 D:\vibecoding\ssh\new-ssh\app\node_modules\@isaacs\cliui\node_modules\wrap-ansi
14 verbose stack extraneous: debug@4.4.3 D:\vibecoding\ssh\new-ssh\app\node_modules\@npmcli\agent\node_modules\debug
14 verbose stack extraneous: http-proxy-agent@7.0.2 D:\vibecoding\ssh\new-ssh\app\node_modules\@npmcli\agent\node_modules\http-proxy-agent
14 verbose stack extraneous: https-proxy-agent@7.0.6 D:\vibecoding\ssh\new-ssh\app\node_modules\@npmcli\agent\node_modules\https-proxy-agent
14 verbose stack extraneous: lru-cache@10.4.3 D:\vibecoding\ssh\new-ssh\app\node_modules\@npmcli\agent\node_modules\lru-cache
14 verbose stack extraneous: socks-proxy-agent@8.0.5 D:\vibecoding\ssh\new-ssh\app\node_modules\@npmcli\agent\node_modules\socks-proxy-agent
14 verbose stack extraneous: socks@2.8.7 D:\vibecoding\ssh\new-ssh\app\node_modules\@npmcli\agent\node_modules\socks
14 verbose stack extraneous: semver@7.7.3 D:\vibecoding\ssh\new-ssh\app\node_modules\@npmcli\fs\node_modules\semver
14 verbose stack invalid: string-width@4.2.3 D:\vibecoding\ssh\new-ssh\app\node_modules\string-width
14 verbose stack invalid: ansi-styles@3.2.1 D:\vibecoding\ssh\new-ssh\app\node_modules\chalk\node_modules\ansi-styles
14 verbose stack extraneous: ansi-styles@3.2.1 D:\vibecoding\ssh\new-ssh\app\node_modules\chalk\node_modules\ansi-styles
14 verbose stack extraneous: color-convert@1.9.3 D:\vibecoding\ssh\new-ssh\app\node_modules\chalk\node_modules\color-convert
14 verbose stack extraneous: color-name@1.1.3 D:\vibecoding\ssh\new-ssh\app\node_modules\chalk\node_modules\color-name
14 verbose stack invalid: strip-ansi@6.0.1 D:\vibecoding\ssh\new-ssh\app\node_modules\strip-ansi
14 verbose stack extraneous: aproba@1.2.0 D:\vibecoding\ssh\new-ssh\app\node_modules\copy-concurrently\node_modules\aproba
14 verbose stack missing: electron@>= 9.1.2, required by electron-promise-ipc@2.2.4
14 verbose stack extraneous: cross-spawn@5.1.0 D:\vibecoding\ssh\new-ssh\app\node_modules\execa\node_modules\cross-spawn
14 verbose stack extraneous: get-stream@3.0.0 D:\vibecoding\ssh\new-ssh\app\node_modules\execa\node_modules\get-stream
14 verbose stack extraneous: lru-cache@4.1.5 D:\vibecoding\ssh\new-ssh\app\node_modules\execa\node_modules\lru-cache
14 verbose stack extraneous: shebang-command@1.2.0 D:\vibecoding\ssh\new-ssh\app\node_modules\execa\node_modules\shebang-command
14 verbose stack extraneous: shebang-regex@1.0.0 D:\vibecoding\ssh\new-ssh\app\node_modules\execa\node_modules\shebang-regex
14 verbose stack extraneous: yallist@2.1.2 D:\vibecoding\ssh\new-ssh\app\node_modules\execa\node_modules\yallist
14 verbose stack extraneous: signal-exit@4.1.0 D:\vibecoding\ssh\new-ssh\app\node_modules\foreground-child\node_modules\signal-exit
14 verbose stack extraneous: isarray@0.0.1 D:\vibecoding\ssh\new-ssh\app\node_modules\from2\node_modules\isarray
14 verbose stack extraneous: readable-stream@1.1.14 D:\vibecoding\ssh\new-ssh\app\node_modules\from2\node_modules\readable-stream
14 verbose stack extraneous: string_decoder@0.10.31 D:\vibecoding\ssh\new-ssh\app\node_modules\from2\node_modules\string_decoder
14 verbose stack extraneous: minipass@2.9.0 D:\vibecoding\ssh\new-ssh\app\node_modules\fs-minipass\node_modules\minipass
14 verbose stack extraneous: aproba@1.2.0 D:\vibecoding\ssh\new-ssh\app\node_modules\gauge\node_modules\aproba
14 verbose stack extraneous: is-fullwidth-code-point@1.0.0 D:\vibecoding\ssh\new-ssh\app\node_modules\gauge\node_modules\is-fullwidth-code-point
14 verbose stack extraneous: string-width@1.0.2 D:\vibecoding\ssh\new-ssh\app\node_modules\gauge\node_modules\string-width
14 verbose stack extraneous: aproba@1.2.0 D:\vibecoding\ssh\new-ssh\app\node_modules\gentle-fs\node_modules\aproba
14 verbose stack extraneous: get-stream@3.0.0 D:\vibecoding\ssh\new-ssh\app\node_modules\got\node_modules\get-stream
14 verbose stack extraneous: agent-base@4.3.0 D:\vibecoding\ssh\new-ssh\app\node_modules\http-proxy-agent\node_modules\agent-base
14 verbose stack extraneous: debug@3.1.0 D:\vibecoding\ssh\new-ssh\app\node_modules\http-proxy-agent\node_modules\debug
14 verbose stack extraneous: ms@2.0.0 D:\vibecoding\ssh\new-ssh\app\node_modules\http-proxy-agent\node_modules\ms
14 verbose stack extraneous: agent-base@4.3.0 D:\vibecoding\ssh\new-ssh\app\node_modules\https-proxy-agent\node_modules\agent-base
14 verbose stack extraneous: debug@3.2.7 D:\vibecoding\ssh\new-ssh\app\node_modules\https-proxy-agent\node_modules\debug
14 verbose stack extraneous: ci-info@1.6.0 D:\vibecoding\ssh\new-ssh\app\node_modules\is-ci\node_modules\ci-info
14 verbose stack invalid: find-up@2.1.0 D:\vibecoding\ssh\new-ssh\app\node_modules\find-up
14 verbose stack extraneous: ansi-regex@4.1.1 D:\vibecoding\ssh\new-ssh\app\node_modules\libnpx\node_modules\ansi-regex
14 verbose stack extraneous: camelcase@5.3.1 D:\vibecoding\ssh\new-ssh\app\node_modules\libnpx\node_modules\camelcase
14 verbose stack extraneous: cliui@5.0.0 D:\vibecoding\ssh\new-ssh\app\node_modules\libnpx\node_modules\cliui
14 verbose stack extraneous: emoji-regex@7.0.3 D:\vibecoding\ssh\new-ssh\app\node_modules\libnpx\node_modules\emoji-regex
14 verbose stack extraneous: is-fullwidth-code-point@2.0.0 D:\vibecoding\ssh\new-ssh\app\node_modules\libnpx\node_modules\is-fullwidth-code-point
14 verbose stack extraneous: string-width@3.1.0 D:\vibecoding\ssh\new-ssh\app\node_modules\libnpx\node_modules\string-width
14 verbose stack extraneous: strip-ansi@5.2.0 D:\vibecoding\ssh\new-ssh\app\node_modules\libnpx\node_modules\strip-ansi
14 verbose stack extraneous: yargs-parser@15.0.3 D:\vibecoding\ssh\new-ssh\app\node_modules\libnpx\node_modules\yargs-parser
14 verbose stack extraneous: yargs@14.2.3 D:\vibecoding\ssh\new-ssh\app\node_modules\libnpx\node_modules\yargs
14 verbose stack extraneous: minipass@3.3.6 D:\vibecoding\ssh\new-ssh\app\node_modules\minipass-flush\node_modules\minipass
14 verbose stack extraneous: yallist@4.0.0 D:\vibecoding\ssh\new-ssh\app\node_modules\minipass-flush\node_modules\yallist
14 verbose stack extraneous: minipass@3.3.6 D:\vibecoding\ssh\new-ssh\app\node_modules\minipass-pipeline\node_modules\minipass
14 verbose stack extraneous: yallist@4.0.0 D:\vibecoding\ssh\new-ssh\app\node_modules\minipass-pipeline\node_modules\yallist
14 verbose stack extraneous: minipass@3.3.6 D:\vibecoding\ssh\new-ssh\app\node_modules\minipass-sized\node_modules\minipass
14 verbose stack extraneous: yallist@4.0.0 D:\vibecoding\ssh\new-ssh\app\node_modules\minipass-sized\node_modules\yallist
14 verbose stack extraneous: minipass@3.3.6 D:\vibecoding\ssh\new-ssh\app\node_modules\minizlib\node_modules\minipass
14 verbose stack extraneous: yallist@4.0.0 D:\vibecoding\ssh\new-ssh\app\node_modules\minizlib\node_modules\yallist
14 verbose stack extraneous: from2@2.3.0 D:\vibecoding\ssh\new-ssh\app\node_modules\mississippi\node_modules\from2
14 verbose stack extraneous: aproba@1.2.0 D:\vibecoding\ssh\new-ssh\app\node_modules\move-concurrently\node_modules\aproba
14 verbose stack extraneous: abbrev@2.0.0 D:\vibecoding\ssh\new-ssh\app\node_modules\node-gyp\node_modules\abbrev
14 verbose stack extraneous: brace-expansion@2.0.2 D:\vibecoding\ssh\new-ssh\app\node_modules\node-gyp\node_modules\brace-expansion
14 verbose stack extraneous: cacache@18.0.4 D:\vibecoding\ssh\new-ssh\app\node_modules\node-gyp\node_modules\cacache
14 verbose stack extraneous: chownr@2.0.0 D:\vibecoding\ssh\new-ssh\app\node_modules\node-gyp\node_modules\chownr
14 verbose stack extraneous: env-paths@2.2.1 D:\vibecoding\ssh\new-ssh\app\node_modules\node-gyp\node_modules\env-paths
14 verbose stack extraneous: err-code@2.0.3 D:\vibecoding\ssh\new-ssh\app\node_modules\node-gyp\node_modules\err-code
14 verbose stack extraneous: fs-minipass@2.1.0 D:\vibecoding\ssh\new-ssh\app\node_modules\node-gyp\node_modules\fs-minipass
14 verbose stack extraneous: glob@10.5.0 D:\vibecoding\ssh\new-ssh\app\node_modules\node-gyp\node_modules\glob
14 verbose stack extraneous: http-cache-semantics@4.2.0 D:\vibecoding\ssh\new-ssh\app\node_modules\node-gyp\node_modules\http-cache-semantics
14 verbose stack extraneous: isexe@3.1.1 D:\vibecoding\ssh\new-ssh\app\node_modules\node-gyp\node_modules\isexe
14 verbose stack extraneous: lru-cache@10.4.3 D:\vibecoding\ssh\new-ssh\app\node_modules\node-gyp\node_modules\lru-cache
14 verbose stack extraneous: make-fetch-happen@13.0.1 D:\vibecoding\ssh\new-ssh\app\node_modules\node-gyp\node_modules\make-fetch-happen
14 verbose stack extraneous: minimatch@9.0.5 D:\vibecoding\ssh\new-ssh\app\node_modules\node-gyp\node_modules\minimatch
14 verbose stack extraneous: minipass@5.0.0 D:\vibecoding\ssh\new-ssh\app\node_modules\node-gyp\node_modules\minipass
14 verbose stack extraneous: mkdirp@1.0.4 D:\vibecoding\ssh\new-ssh\app\node_modules\node-gyp\node_modules\mkdirp
14 verbose stack extraneous: nopt@7.2.1 D:\vibecoding\ssh\new-ssh\app\node_modules\node-gyp\node_modules\nopt
14 verbose stack extraneous: promise-retry@2.0.1 D:\vibecoding\ssh\new-ssh\app\node_modules\node-gyp\node_modules\promise-retry
14 verbose stack extraneous: semver@7.7.3 D:\vibecoding\ssh\new-ssh\app\node_modules\node-gyp\node_modules\semver
14 verbose stack extraneous: ssri@10.0.6 D:\vibecoding\ssh\new-ssh\app\node_modules\node-gyp\node_modules\ssri
14 verbose stack extraneous: tar@6.2.1 D:\vibecoding\ssh\new-ssh\app\node_modules\node-gyp\node_modules\tar
14 verbose stack extraneous: unique-filename@3.0.0 D:\vibecoding\ssh\new-ssh\app\node_modules\node-gyp\node_modules\unique-filename
14 verbose stack extraneous: unique-slug@4.0.0 D:\vibecoding\ssh\new-ssh\app\node_modules\node-gyp\node_modules\unique-slug
14 verbose stack extraneous: which@4.0.0 D:\vibecoding\ssh\new-ssh\app\node_modules\node-gyp\node_modules\which
14 verbose stack extraneous: yallist@4.0.0 D:\vibecoding\ssh\new-ssh\app\node_modules\node-gyp\node_modules\yallist
14 verbose stack invalid: node-gyp@10.0.1 D:\vibecoding\ssh\new-ssh\app\node_modules\node-gyp
14 verbose stack extraneous: path-key@2.0.1 D:\vibecoding\ssh\new-ssh\app\node_modules\npm-run-path\node_modules\path-key
14 verbose stack extraneous: lodash._baseindexof@3.1.0 D:\vibecoding\ssh\new-ssh\app\node_modules\npm\node_modules\lodash._baseindexof
14 verbose stack extraneous: lodash._bindcallback@3.0.1 D:\vibecoding\ssh\new-ssh\app\node_modules\npm\node_modules\lodash._bindcallback
14 verbose stack extraneous: lodash._cacheindexof@3.0.2 D:\vibecoding\ssh\new-ssh\app\node_modules\npm\node_modules\lodash._cacheindexof
14 verbose stack extraneous: lodash._createcache@3.1.2 D:\vibecoding\ssh\new-ssh\app\node_modules\npm\node_modules\lodash._createcache
14 verbose stack extraneous: lodash._getnative@3.9.1 D:\vibecoding\ssh\new-ssh\app\node_modules\npm\node_modules\lodash._getnative
14 verbose stack extraneous: lodash.restparam@3.6.1 D:\vibecoding\ssh\new-ssh\app\node_modules\npm\node_modules\lodash.restparam
14 verbose stack extraneous: minipass@2.9.0 D:\vibecoding\ssh\new-ssh\app\node_modules\pacote\node_modules\minipass
14 verbose stack extraneous: lru-cache@10.4.3 D:\vibecoding\ssh\new-ssh\app\node_modules\path-scurry\node_modules\lru-cache
14 verbose stack extraneous: retry@0.10.1 D:\vibecoding\ssh\new-ssh\app\node_modules\promise-retry\node_modules\retry
14 verbose stack extraneous: pump@2.0.1 D:\vibecoding\ssh\new-ssh\app\node_modules\pumpify\node_modules\pump
14 verbose stack extraneous: isarray@1.0.0 D:\vibecoding\ssh\new-ssh\app\node_modules\readable-stream\node_modules\isarray
14 verbose stack extraneous: safe-buffer@5.1.2 D:\vibecoding\ssh\new-ssh\app\node_modules\readable-stream\node_modules\safe-buffer
14 verbose stack extraneous: string_decoder@1.1.1 D:\vibecoding\ssh\new-ssh\app\node_modules\readable-stream\node_modules\string_decoder
14 verbose stack extraneous: aproba@1.2.0 D:\vibecoding\ssh\new-ssh\app\node_modules\run-queue\node_modules\aproba
14 verbose stack extraneous: agent-base@4.2.1 D:\vibecoding\ssh\new-ssh\app\node_modules\socks-proxy-agent\node_modules\agent-base
14 verbose stack extraneous: minipass@2.9.0 D:\vibecoding\ssh\new-ssh\app\node_modules\tar\node_modules\minipass
14 verbose stack extraneous: minizlib@1.3.3 D:\vibecoding\ssh\new-ssh\app\node_modules\tar\node_modules\minizlib
14 verbose stack extraneous: core-util-is@1.0.2 D:\vibecoding\ssh\new-ssh\app\node_modules\verror\node_modules\core-util-is
14 verbose stack extraneous: extsprintf@1.4.1 D:\vibecoding\ssh\new-ssh\app\node_modules\verror\node_modules\extsprintf
14 verbose stack invalid: is-fullwidth-code-point@2.0.0 D:\vibecoding\ssh\new-ssh\app\node_modules\string-width\node_modules\is-fullwidth-code-point
14 verbose stack invalid: strip-ansi@4.0.0 D:\vibecoding\ssh\new-ssh\app\node_modules\string-width\node_modules\strip-ansi
14 verbose stack invalid: ansi-regex@2.1.1 D:\vibecoding\ssh\new-ssh\app\node_modules\strip-ansi\node_modules\ansi-regex
14 verbose stack invalid: wrap-ansi@7.0.0 D:\vibecoding\ssh\new-ssh\app\node_modules\wrap-ansi
14 verbose stack extraneous: fs-minipass@3.0.3 D:\vibecoding\ssh\new-ssh\app\node_modules\node-gyp\node_modules\cacache\node_modules\fs-minipass
14 verbose stack extraneous: minipass@7.1.2 D:\vibecoding\ssh\new-ssh\app\node_modules\node-gyp\node_modules\cacache\node_modules\minipass
14 verbose stack extraneous: minipass@3.3.6 D:\vibecoding\ssh\new-ssh\app\node_modules\node-gyp\node_modules\fs-minipass\node_modules\minipass
14 verbose stack extraneous: minipass@7.1.2 D:\vibecoding\ssh\new-ssh\app\node_modules\node-gyp\node_modules\glob\node_modules\minipass
14 verbose stack extraneous: minipass@7.1.2 D:\vibecoding\ssh\new-ssh\app\node_modules\node-gyp\node_modules\make-fetch-happen\node_modules\minipass
14 verbose stack extraneous: proc-log@4.2.0 D:\vibecoding\ssh\new-ssh\app\node_modules\node-gyp\node_modules\make-fetch-happen\node_modules\proc-log
14 verbose stack extraneous: minipass@7.1.2 D:\vibecoding\ssh\new-ssh\app\node_modules\node-gyp\node_modules\ssri\node_modules\minipass
14 verbose stack invalid: ms@2.1.2 D:\vibecoding\ssh\new-ssh\app\node_modules\debug\node_modules\ms
14 verbose stack invalid: ansi-styles@3.2.1 D:\vibecoding\ssh\new-ssh\app\node_modules\wrap-ansi\node_modules\ansi-styles
14 verbose stack invalid: string-width@3.1.0 D:\vibecoding\ssh\new-ssh\app\node_modules\wrap-ansi\node_modules\string-width
14 verbose stack invalid: strip-ansi@5.2.0 D:\vibecoding\ssh\new-ssh\app\node_modules\wrap-ansi\node_modules\strip-ansi
14 verbose stack     at LS.exec (C:\Program Files\nodejs\node_modules\npm\lib\commands\ls.js:204:9)
14 verbose stack     at async Npm.exec (C:\Program Files\nodejs\node_modules\npm\lib\npm.js:193:9)
14 verbose stack     at async module.exports (C:\Program Files\nodejs\node_modules\npm\lib\cli\entry.js:67:5)
15 error code ELSPROBLEMS
16 error extraneous: __ngcc_entry_points__.json@ D:\vibecoding\ssh\new-ssh\app\node_modules\__ngcc_entry_points__.json
16 error extraneous: @iarna/cli@2.2.0 D:\vibecoding\ssh\new-ssh\app\node_modules\@iarna\cli
16 error extraneous: @isaacs/cliui@8.0.2 D:\vibecoding\ssh\new-ssh\app\node_modules\@isaacs\cliui
16 error extraneous: @npmcli/agent@2.2.2 D:\vibecoding\ssh\new-ssh\app\node_modules\@npmcli\agent
16 error extraneous: @npmcli/fs@3.1.1 D:\vibecoding\ssh\new-ssh\app\node_modules\@npmcli\fs
16 error extraneous: @pkgjs/parseargs@0.11.0 D:\vibecoding\ssh\new-ssh\app\node_modules\@pkgjs\parseargs
16 error extraneous: @tabby-gang/node-addon-api@ D:\vibecoding\ssh\new-ssh\app\node_modules\@tabby-gang\node-addon-api
16 error extraneous: abbrev@1.1.1 D:\vibecoding\ssh\new-ssh\app\node_modules\abbrev
16 error extraneous: agent-base@7.1.4 D:\vibecoding\ssh\new-ssh\app\node_modules\agent-base
16 error extraneous: agentkeepalive@3.5.3 D:\vibecoding\ssh\new-ssh\app\node_modules\agentkeepalive
16 error extraneous: aggregate-error@3.1.0 D:\vibecoding\ssh\new-ssh\app\node_modules\aggregate-error
16 error extraneous: ajv@6.12.6 D:\vibecoding\ssh\new-ssh\app\node_modules\ajv
16 error extraneous: ansi-align@2.0.0 D:\vibecoding\ssh\new-ssh\app\node_modules\ansi-align
16 error extraneous: ansi-regex@5.0.1 D:\vibecoding\ssh\new-ssh\app\node_modules\ansi-regex
16 error extraneous: ansicolors@0.3.2 D:\vibecoding\ssh\new-ssh\app\node_modules\ansicolors
16 error extraneous: ansistyles@0.1.3 D:\vibecoding\ssh\new-ssh\app\node_modules\ansistyles
16 error extraneous: aproba@2.1.0 D:\vibecoding\ssh\new-ssh\app\node_modules\aproba
16 error extraneous: archy@1.0.0 D:\vibecoding\ssh\new-ssh\app\node_modules\archy
16 error extraneous: are-we-there-yet@1.1.7 D:\vibecoding\ssh\new-ssh\app\node_modules\are-we-there-yet
16 error extraneous: array-buffer-byte-length@1.0.2 D:\vibecoding\ssh\new-ssh\app\node_modules\array-buffer-byte-length
16 error extraneous: array.prototype.reduce@1.0.8 D:\vibecoding\ssh\new-ssh\app\node_modules\array.prototype.reduce
16 error extraneous: arraybuffer.prototype.slice@1.0.4 D:\vibecoding\ssh\new-ssh\app\node_modules\arraybuffer.prototype.slice
16 error extraneous: asap@2.0.6 D:\vibecoding\ssh\new-ssh\app\node_modules\asap
16 error extraneous: asn1@0.2.6 D:\vibecoding\ssh\new-ssh\app\node_modules\asn1
16 error extraneous: assert-plus@1.0.0 D:\vibecoding\ssh\new-ssh\app\node_modules\assert-plus
16 error extraneous: async-function@1.0.0 D:\vibecoding\ssh\new-ssh\app\node_modules\async-function
16 error extraneous: asynckit@0.4.0 D:\vibecoding\ssh\new-ssh\app\node_modules\asynckit
16 error extraneous: available-typed-arrays@1.0.7 D:\vibecoding\ssh\new-ssh\app\node_modules\available-typed-arrays
16 error extraneous: aws-sign2@0.7.0 D:\vibecoding\ssh\new-ssh\app\node_modules\aws-sign2
16 error extraneous: aws4@1.13.2 D:\vibecoding\ssh\new-ssh\app\node_modules\aws4
16 error extraneous: balanced-match@1.0.2 D:\vibecoding\ssh\new-ssh\app\node_modules\balanced-match
16 error extraneous: bcrypt-pbkdf@1.0.2 D:\vibecoding\ssh\new-ssh\app\node_modules\bcrypt-pbkdf
16 error extraneous: bin-links@1.1.8 D:\vibecoding\ssh\new-ssh\app\node_modules\bin-links
16 error extraneous: bluebird@3.7.2 D:\vibecoding\ssh\new-ssh\app\node_modules\bluebird
16 error extraneous: boxen@1.3.0 D:\vibecoding\ssh\new-ssh\app\node_modules\boxen
16 error extraneous: brace-expansion@1.1.12 D:\vibecoding\ssh\new-ssh\app\node_modules\brace-expansion
16 error extraneous: builtins@1.0.3 D:\vibecoding\ssh\new-ssh\app\node_modules\builtins
16 error extraneous: byline@5.0.0 D:\vibecoding\ssh\new-ssh\app\node_modules\byline
16 error extraneous: byte-size@5.0.1 D:\vibecoding\ssh\new-ssh\app\node_modules\byte-size
16 error extraneous: cacache@12.0.4 D:\vibecoding\ssh\new-ssh\app\node_modules\cacache
16 error extraneous: call-limit@1.1.1 D:\vibecoding\ssh\new-ssh\app\node_modules\call-limit
16 error extraneous: camelcase@4.1.0 D:\vibecoding\ssh\new-ssh\app\node_modules\camelcase
16 error extraneous: capture-stack-trace@1.0.2 D:\vibecoding\ssh\new-ssh\app\node_modules\capture-stack-trace
16 error extraneous: caseless@0.12.0 D:\vibecoding\ssh\new-ssh\app\node_modules\caseless
16 error invalid: chalk@4.1.2 D:\vibecoding\ssh\new-ssh\app\node_modules\chalk
16 error extraneous: chalk@4.1.2 D:\vibecoding\ssh\new-ssh\app\node_modules\chalk
16 error extraneous: ci-info@3.9.0 D:\vibecoding\ssh\new-ssh\app\node_modules\ci-info
16 error extraneous: cidr-regex@2.0.10 D:\vibecoding\ssh\new-ssh\app\node_modules\cidr-regex
16 error extraneous: clean-stack@2.2.0 D:\vibecoding\ssh\new-ssh\app\node_modules\clean-stack
16 error extraneous: cli-boxes@1.0.0 D:\vibecoding\ssh\new-ssh\app\node_modules\cli-boxes
16 error extraneous: cli-columns@3.1.2 D:\vibecoding\ssh\new-ssh\app\node_modules\cli-columns
16 error extraneous: cli-table3@0.5.1 D:\vibecoding\ssh\new-ssh\app\node_modules\cli-table3
16 error extraneous: clone@1.0.4 D:\vibecoding\ssh\new-ssh\app\node_modules\clone
16 error extraneous: cmd-shim@3.0.3 D:\vibecoding\ssh\new-ssh\app\node_modules\cmd-shim
16 error extraneous: code-point-at@1.1.0 D:\vibecoding\ssh\new-ssh\app\node_modules\code-point-at
16 error extraneous: colors@1.4.0 D:\vibecoding\ssh\new-ssh\app\node_modules\colors
16 error extraneous: columnify@1.5.4 D:\vibecoding\ssh\new-ssh\app\node_modules\columnify
16 error extraneous: combined-stream@1.0.8 D:\vibecoding\ssh\new-ssh\app\node_modules\combined-stream
16 error extraneous: concat-map@0.0.1 D:\vibecoding\ssh\new-ssh\app\node_modules\concat-map
16 error extraneous: concat-stream@1.6.2 D:\vibecoding\ssh\new-ssh\app\node_modules\concat-stream
16 error extraneous: config-chain@1.1.13 D:\vibecoding\ssh\new-ssh\app\node_modules\config-chain
16 error extraneous: configstore@3.1.5 D:\vibecoding\ssh\new-ssh\app\node_modules\configstore
16 error extraneous: console-control-strings@1.1.0 D:\vibecoding\ssh\new-ssh\app\node_modules\console-control-strings
16 error extraneous: copy-concurrently@1.0.5 D:\vibecoding\ssh\new-ssh\app\node_modules\copy-concurrently
16 error extraneous: core-util-is@1.0.3 D:\vibecoding\ssh\new-ssh\app\node_modules\core-util-is
16 error extraneous: create-error-class@3.0.2 D:\vibecoding\ssh\new-ssh\app\node_modules\create-error-class
16 error extraneous: crypto-random-string@1.0.0 D:\vibecoding\ssh\new-ssh\app\node_modules\crypto-random-string
16 error extraneous: cyclist@1.0.2 D:\vibecoding\ssh\new-ssh\app\node_modules\cyclist
16 error extraneous: dashdash@1.14.1 D:\vibecoding\ssh\new-ssh\app\node_modules\dashdash
16 error extraneous: data-view-buffer@1.0.2 D:\vibecoding\ssh\new-ssh\app\node_modules\data-view-buffer
16 error extraneous: data-view-byte-length@1.0.2 D:\vibecoding\ssh\new-ssh\app\node_modules\data-view-byte-length
16 error extraneous: data-view-byte-offset@1.0.1 D:\vibecoding\ssh\new-ssh\app\node_modules\data-view-byte-offset
16 error extraneous: debuglog@1.0.1 D:\vibecoding\ssh\new-ssh\app\node_modules\debuglog
16 error extraneous: decamelize@1.2.0 D:\vibecoding\ssh\new-ssh\app\node_modules\decamelize
16 error extraneous: decode-uri-component@0.2.2 D:\vibecoding\ssh\new-ssh\app\node_modules\decode-uri-component
16 error extraneous: defaults@1.0.4 D:\vibecoding\ssh\new-ssh\app\node_modules\defaults
16 error extraneous: delayed-stream@1.0.0 D:\vibecoding\ssh\new-ssh\app\node_modules\delayed-stream
16 error extraneous: delegates@1.0.0 D:\vibecoding\ssh\new-ssh\app\node_modules\delegates
16 error extraneous: detect-indent@5.0.0 D:\vibecoding\ssh\new-ssh\app\node_modules\detect-indent
16 error extraneous: detect-newline@2.1.0 D:\vibecoding\ssh\new-ssh\app\node_modules\detect-newline
16 error extraneous: dezalgo@1.0.4 D:\vibecoding\ssh\new-ssh\app\node_modules\dezalgo
16 error extraneous: dotenv@5.0.1 D:\vibecoding\ssh\new-ssh\app\node_modules\dotenv
16 error extraneous: duplexer3@0.1.5 D:\vibecoding\ssh\new-ssh\app\node_modules\duplexer3
16 error extraneous: duplexify@3.7.1 D:\vibecoding\ssh\new-ssh\app\node_modules\duplexify
16 error extraneous: eastasianwidth@0.2.0 D:\vibecoding\ssh\new-ssh\app\node_modules\eastasianwidth
16 error extraneous: ecc-jsbn@0.1.2 D:\vibecoding\ssh\new-ssh\app\node_modules\ecc-jsbn
16 error extraneous: editor@1.0.0 D:\vibecoding\ssh\new-ssh\app\node_modules\editor
16 error extraneous: encoding@0.1.13 D:\vibecoding\ssh\new-ssh\app\node_modules\encoding
16 error extraneous: err-code@1.1.2 D:\vibecoding\ssh\new-ssh\app\node_modules\err-code
16 error extraneous: errno@0.1.8 D:\vibecoding\ssh\new-ssh\app\node_modules\errno
16 error extraneous: es-abstract@1.24.1 D:\vibecoding\ssh\new-ssh\app\node_modules\es-abstract
16 error extraneous: es-array-method-boxes-properly@1.0.0 D:\vibecoding\ssh\new-ssh\app\node_modules\es-array-method-boxes-properly
16 error extraneous: es-set-tostringtag@2.1.0 D:\vibecoding\ssh\new-ssh\app\node_modules\es-set-tostringtag
16 error extraneous: es-to-primitive@1.3.0 D:\vibecoding\ssh\new-ssh\app\node_modules\es-to-primitive
16 error extraneous: es6-promise@4.2.8 D:\vibecoding\ssh\new-ssh\app\node_modules\es6-promise
16 error extraneous: es6-promisify@5.0.0 D:\vibecoding\ssh\new-ssh\app\node_modules\es6-promisify
16 error extraneous: escape-string-regexp@1.0.5 D:\vibecoding\ssh\new-ssh\app\node_modules\escape-string-regexp
16 error extraneous: execa@0.7.0 D:\vibecoding\ssh\new-ssh\app\node_modules\execa
16 error extraneous: exponential-backoff@3.1.3 D:\vibecoding\ssh\new-ssh\app\node_modules\exponential-backoff
16 error extraneous: extend@3.0.2 D:\vibecoding\ssh\new-ssh\app\node_modules\extend
16 error extraneous: extsprintf@1.3.0 D:\vibecoding\ssh\new-ssh\app\node_modules\extsprintf
16 error extraneous: fast-deep-equal@3.1.3 D:\vibecoding\ssh\new-ssh\app\node_modules\fast-deep-equal
16 error extraneous: fast-json-stable-stringify@2.1.0 D:\vibecoding\ssh\new-ssh\app\node_modules\fast-json-stable-stringify
16 error extraneous: figgy-pudding@3.5.2 D:\vibecoding\ssh\new-ssh\app\node_modules\figgy-pudding
16 error extraneous: filter-obj@1.1.0 D:\vibecoding\ssh\new-ssh\app\node_modules\filter-obj
16 error extraneous: find-npm-prefix@1.0.2 D:\vibecoding\ssh\new-ssh\app\node_modules\find-npm-prefix
16 error extraneous: find-up@2.1.0 D:\vibecoding\ssh\new-ssh\app\node_modules\find-up
16 error extraneous: flush-write-stream@1.1.1 D:\vibecoding\ssh\new-ssh\app\node_modules\flush-write-stream
16 error extraneous: for-each@0.3.5 D:\vibecoding\ssh\new-ssh\app\node_modules\for-each
16 error extraneous: foreground-child@3.3.1 D:\vibecoding\ssh\new-ssh\app\node_modules\foreground-child
16 error extraneous: forever-agent@0.6.1 D:\vibecoding\ssh\new-ssh\app\node_modules\forever-agent
16 error extraneous: form-data@2.3.3 D:\vibecoding\ssh\new-ssh\app\node_modules\form-data
16 error extraneous: from2@1.3.0 D:\vibecoding\ssh\new-ssh\app\node_modules\from2
16 error extraneous: fs-minipass@1.2.7 D:\vibecoding\ssh\new-ssh\app\node_modules\fs-minipass
16 error extraneous: fs-vacuum@1.2.10 D:\vibecoding\ssh\new-ssh\app\node_modules\fs-vacuum
16 error extraneous: fs-write-stream-atomic@1.0.10 D:\vibecoding\ssh\new-ssh\app\node_modules\fs-write-stream-atomic
16 error extraneous: fs.realpath@1.0.0 D:\vibecoding\ssh\new-ssh\app\node_modules\fs.realpath
16 error extraneous: function.prototype.name@1.1.8 D:\vibecoding\ssh\new-ssh\app\node_modules\function.prototype.name
16 error extraneous: functions-have-names@1.2.3 D:\vibecoding\ssh\new-ssh\app\node_modules\functions-have-names
16 error extraneous: gauge@2.7.4 D:\vibecoding\ssh\new-ssh\app\node_modules\gauge
16 error extraneous: generator-function@2.0.1 D:\vibecoding\ssh\new-ssh\app\node_modules\generator-function
16 error extraneous: genfun@5.0.0 D:\vibecoding\ssh\new-ssh\app\node_modules\genfun
16 error extraneous: gentle-fs@2.3.1 D:\vibecoding\ssh\new-ssh\app\node_modules\gentle-fs
16 error extraneous: get-stream@4.1.0 D:\vibecoding\ssh\new-ssh\app\node_modules\get-stream
16 error extraneous: get-symbol-description@1.1.0 D:\vibecoding\ssh\new-ssh\app\node_modules\get-symbol-description
16 error extraneous: getpass@0.1.7 D:\vibecoding\ssh\new-ssh\app\node_modules\getpass
16 error extraneous: glob@7.2.3 D:\vibecoding\ssh\new-ssh\app\node_modules\glob
16 error extraneous: global-dirs@0.1.1 D:\vibecoding\ssh\new-ssh\app\node_modules\global-dirs
16 error extraneous: globalthis@1.0.4 D:\vibecoding\ssh\new-ssh\app\node_modules\globalthis
16 error extraneous: got@6.7.1 D:\vibecoding\ssh\new-ssh\app\node_modules\got
16 error extraneous: har-schema@2.0.0 D:\vibecoding\ssh\new-ssh\app\node_modules\har-schema
16 error extraneous: har-validator@5.1.5 D:\vibecoding\ssh\new-ssh\app\node_modules\har-validator
16 error extraneous: has-bigints@1.1.0 D:\vibecoding\ssh\new-ssh\app\node_modules\has-bigints
16 error extraneous: has-flag@4.0.0 D:\vibecoding\ssh\new-ssh\app\node_modules\has-flag
16 error extraneous: has-proto@1.2.0 D:\vibecoding\ssh\new-ssh\app\node_modules\has-proto
16 error extraneous: has-tostringtag@1.0.2 D:\vibecoding\ssh\new-ssh\app\node_modules\has-tostringtag
16 error extraneous: has-unicode@2.0.1 D:\vibecoding\ssh\new-ssh\app\node_modules\has-unicode
16 error extraneous: has@1.0.4 D:\vibecoding\ssh\new-ssh\app\node_modules\has
16 error extraneous: hosted-git-info@2.8.9 D:\vibecoding\ssh\new-ssh\app\node_modules\hosted-git-info
16 error extraneous: http-cache-semantics@3.8.1 D:\vibecoding\ssh\new-ssh\app\node_modules\http-cache-semantics
16 error extraneous: http-proxy-agent@2.1.0 D:\vibecoding\ssh\new-ssh\app\node_modules\http-proxy-agent
16 error extraneous: http-signature@1.2.0 D:\vibecoding\ssh\new-ssh\app\node_modules\http-signature
16 error extraneous: https-proxy-agent@2.2.4 D:\vibecoding\ssh\new-ssh\app\node_modules\https-proxy-agent
16 error extraneous: humanize-ms@1.2.1 D:\vibecoding\ssh\new-ssh\app\node_modules\humanize-ms
16 error extraneous: iconv-lite@0.6.3 D:\vibecoding\ssh\new-ssh\app\node_modules\iconv-lite
16 error extraneous: iferr@0.1.5 D:\vibecoding\ssh\new-ssh\app\node_modules\iferr
16 error extraneous: ignore-walk@3.0.4 D:\vibecoding\ssh\new-ssh\app\node_modules\ignore-walk
16 error extraneous: import-lazy@2.1.0 D:\vibecoding\ssh\new-ssh\app\node_modules\import-lazy
16 error extraneous: indent-string@4.0.0 D:\vibecoding\ssh\new-ssh\app\node_modules\indent-string
16 error extraneous: infer-owner@1.0.4 D:\vibecoding\ssh\new-ssh\app\node_modules\infer-owner
16 error extraneous: inflight@1.0.6 D:\vibecoding\ssh\new-ssh\app\node_modules\inflight
16 error extraneous: init-package-json@1.10.3 D:\vibecoding\ssh\new-ssh\app\node_modules\init-package-json
16 error extraneous: internal-slot@1.1.0 D:\vibecoding\ssh\new-ssh\app\node_modules\internal-slot
16 error extraneous: ip-address@10.1.0 D:\vibecoding\ssh\new-ssh\app\node_modules\ip-address
16 error extraneous: ip-regex@2.1.0 D:\vibecoding\ssh\new-ssh\app\node_modules\ip-regex
16 error extraneous: ip@1.1.5 D:\vibecoding\ssh\new-ssh\app\node_modules\ip
16 error extraneous: is-array-buffer@3.0.5 D:\vibecoding\ssh\new-ssh\app\node_modules\is-array-buffer
16 error extraneous: is-async-function@2.1.1 D:\vibecoding\ssh\new-ssh\app\node_modules\is-async-function
16 error extraneous: is-bigint@1.1.0 D:\vibecoding\ssh\new-ssh\app\node_modules\is-bigint
16 error extraneous: is-boolean-object@1.2.2 D:\vibecoding\ssh\new-ssh\app\node_modules\is-boolean-object
16 error extraneous: is-callable@1.2.7 D:\vibecoding\ssh\new-ssh\app\node_modules\is-callable
16 error extraneous: is-ci@1.2.1 D:\vibecoding\ssh\new-ssh\app\node_modules\is-ci
16 error extraneous: is-cidr@3.1.1 D:\vibecoding\ssh\new-ssh\app\node_modules\is-cidr
16 error extraneous: is-core-module@2.16.1 D:\vibecoding\ssh\new-ssh\app\node_modules\is-core-module
16 error extraneous: is-data-view@1.0.2 D:\vibecoding\ssh\new-ssh\app\node_modules\is-data-view
16 error extraneous: is-date-object@1.1.0 D:\vibecoding\ssh\new-ssh\app\node_modules\is-date-object
16 error extraneous: is-finalizationregistry@1.1.1 D:\vibecoding\ssh\new-ssh\app\node_modules\is-finalizationregistry
16 error extraneous: is-fullwidth-code-point@3.0.0 D:\vibecoding\ssh\new-ssh\app\node_modules\is-fullwidth-code-point
16 error extraneous: is-generator-function@1.1.2 D:\vibecoding\ssh\new-ssh\app\node_modules\is-generator-function
16 error extraneous: is-installed-globally@0.1.0 D:\vibecoding\ssh\new-ssh\app\node_modules\is-installed-globally
16 error extraneous: is-lambda@1.0.1 D:\vibecoding\ssh\new-ssh\app\node_modules\is-lambda
16 error extraneous: is-map@2.0.3 D:\vibecoding\ssh\new-ssh\app\node_modules\is-map
16 error extraneous: is-negative-zero@2.0.3 D:\vibecoding\ssh\new-ssh\app\node_modules\is-negative-zero
16 error extraneous: is-npm@1.0.0 D:\vibecoding\ssh\new-ssh\app\node_modules\is-npm
16 error extraneous: is-number-object@1.1.1 D:\vibecoding\ssh\new-ssh\app\node_modules\is-number-object
16 error extraneous: is-path-inside@1.0.1 D:\vibecoding\ssh\new-ssh\app\node_modules\is-path-inside
16 error extraneous: is-redirect@1.0.0 D:\vibecoding\ssh\new-ssh\app\node_modules\is-redirect
16 error extraneous: is-regex@1.2.1 D:\vibecoding\ssh\new-ssh\app\node_modules\is-regex
16 error extraneous: is-retry-allowed@1.2.0 D:\vibecoding\ssh\new-ssh\app\node_modules\is-retry-allowed
16 error extraneous: is-set@2.0.3 D:\vibecoding\ssh\new-ssh\app\node_modules\is-set
16 error extraneous: is-shared-array-buffer@1.0.4 D:\vibecoding\ssh\new-ssh\app\node_modules\is-shared-array-buffer
16 error extraneous: is-stream@1.1.0 D:\vibecoding\ssh\new-ssh\app\node_modules\is-stream
16 error extraneous: is-string@1.1.1 D:\vibecoding\ssh\new-ssh\app\node_modules\is-string
16 error extraneous: is-symbol@1.1.1 D:\vibecoding\ssh\new-ssh\app\node_modules\is-symbol
16 error extraneous: is-typed-array@1.1.15 D:\vibecoding\ssh\new-ssh\app\node_modules\is-typed-array
16 error extraneous: is-typedarray@1.0.0 D:\vibecoding\ssh\new-ssh\app\node_modules\is-typedarray
16 error extraneous: is-weakmap@2.0.2 D:\vibecoding\ssh\new-ssh\app\node_modules\is-weakmap
16 error extraneous: is-weakref@1.1.1 D:\vibecoding\ssh\new-ssh\app\node_modules\is-weakref
16 error extraneous: is-weakset@2.0.4 D:\vibecoding\ssh\new-ssh\app\node_modules\is-weakset
16 error extraneous: isstream@0.1.2 D:\vibecoding\ssh\new-ssh\app\node_modules\isstream
16 error extraneous: jackspeak@3.4.3 D:\vibecoding\ssh\new-ssh\app\node_modules\jackspeak
16 error extraneous: jsbn@0.1.1 D:\vibecoding\ssh\new-ssh\app\node_modules\jsbn
16 error extraneous: json-parse-better-errors@1.0.2 D:\vibecoding\ssh\new-ssh\app\node_modules\json-parse-better-errors
16 error extraneous: json-parse-even-better-errors@2.3.1 D:\vibecoding\ssh\new-ssh\app\node_modules\json-parse-even-better-errors
16 error extraneous: json-schema-traverse@0.4.1 D:\vibecoding\ssh\new-ssh\app\node_modules\json-schema-traverse
16 error extraneous: json-schema@0.4.0 D:\vibecoding\ssh\new-ssh\app\node_modules\json-schema
16 error extraneous: json-stringify-safe@5.0.1 D:\vibecoding\ssh\new-ssh\app\node_modules\json-stringify-safe
16 error extraneous: jsonparse@1.3.1 D:\vibecoding\ssh\new-ssh\app\node_modules\jsonparse
16 error extraneous: JSONStream@1.3.5 D:\vibecoding\ssh\new-ssh\app\node_modules\JSONStream
16 error extraneous: jsprim@1.4.2 D:\vibecoding\ssh\new-ssh\app\node_modules\jsprim
16 error extraneous: latest-version@3.1.0 D:\vibecoding\ssh\new-ssh\app\node_modules\latest-version
16 error extraneous: lazy-property@1.0.0 D:\vibecoding\ssh\new-ssh\app\node_modules\lazy-property
16 error extraneous: libcipm@4.0.8 D:\vibecoding\ssh\new-ssh\app\node_modules\libcipm
16 error extraneous: libnpm@3.0.1 D:\vibecoding\ssh\new-ssh\app\node_modules\libnpm
16 error extraneous: libnpmaccess@3.0.2 D:\vibecoding\ssh\new-ssh\app\node_modules\libnpmaccess
16 error extraneous: libnpmconfig@1.2.1 D:\vibecoding\ssh\new-ssh\app\node_modules\libnpmconfig
16 error extraneous: libnpmhook@5.0.3 D:\vibecoding\ssh\new-ssh\app\node_modules\libnpmhook
16 error extraneous: libnpmorg@1.0.1 D:\vibecoding\ssh\new-ssh\app\node_modules\libnpmorg
16 error extraneous: libnpmpublish@1.1.3 D:\vibecoding\ssh\new-ssh\app\node_modules\libnpmpublish
16 error extraneous: libnpmsearch@2.0.2 D:\vibecoding\ssh\new-ssh\app\node_modules\libnpmsearch
16 error extraneous: libnpmteam@1.0.2 D:\vibecoding\ssh\new-ssh\app\node_modules\libnpmteam
16 error extraneous: libnpx@10.2.4 D:\vibecoding\ssh\new-ssh\app\node_modules\libnpx
16 error extraneous: locate-path@2.0.0 D:\vibecoding\ssh\new-ssh\app\node_modules\locate-path
16 error extraneous: lock-verify@2.2.2 D:\vibecoding\ssh\new-ssh\app\node_modules\lock-verify
16 error extraneous: lockfile@1.0.4 D:\vibecoding\ssh\new-ssh\app\node_modules\lockfile
16 error extraneous: lodash._baseuniq@4.6.0 D:\vibecoding\ssh\new-ssh\app\node_modules\lodash._baseuniq
16 error extraneous: lodash._createset@4.0.3 D:\vibecoding\ssh\new-ssh\app\node_modules\lodash._createset
16 error extraneous: lodash._root@3.0.1 D:\vibecoding\ssh\new-ssh\app\node_modules\lodash._root
16 error extraneous: lodash.clonedeep@4.5.0 D:\vibecoding\ssh\new-ssh\app\node_modules\lodash.clonedeep
16 error extraneous: lodash.union@4.6.0 D:\vibecoding\ssh\new-ssh\app\node_modules\lodash.union
16 error extraneous: lodash.uniq@4.5.0 D:\vibecoding\ssh\new-ssh\app\node_modules\lodash.uniq
16 error extraneous: lodash.without@4.4.0 D:\vibecoding\ssh\new-ssh\app\node_modules\lodash.without
16 error extraneous: lowercase-keys@1.0.1 D:\vibecoding\ssh\new-ssh\app\node_modules\lowercase-keys
16 error extraneous: lru-cache@5.1.1 D:\vibecoding\ssh\new-ssh\app\node_modules\lru-cache
16 error extraneous: make-fetch-happen@5.0.2 D:\vibecoding\ssh\new-ssh\app\node_modules\make-fetch-happen
16 error extraneous: meant@1.0.3 D:\vibecoding\ssh\new-ssh\app\node_modules\meant
16 error extraneous: mime-db@1.52.0 D:\vibecoding\ssh\new-ssh\app\node_modules\mime-db
16 error extraneous: mime-types@2.1.35 D:\vibecoding\ssh\new-ssh\app\node_modules\mime-types
16 error extraneous: minimatch@3.1.2 D:\vibecoding\ssh\new-ssh\app\node_modules\minimatch
16 error extraneous: minipass-collect@2.0.1 D:\vibecoding\ssh\new-ssh\app\node_modules\minipass-collect
16 error extraneous: minipass-fetch@3.0.5 D:\vibecoding\ssh\new-ssh\app\node_modules\minipass-fetch
16 error extraneous: minipass-flush@1.0.5 D:\vibecoding\ssh\new-ssh\app\node_modules\minipass-flush
16 error extraneous: minipass-pipeline@1.2.4 D:\vibecoding\ssh\new-ssh\app\node_modules\minipass-pipeline
16 error extraneous: minipass-sized@1.0.3 D:\vibecoding\ssh\new-ssh\app\node_modules\minipass-sized
16 error extraneous: minipass@7.1.2 D:\vibecoding\ssh\new-ssh\app\node_modules\minipass
16 error extraneous: minizlib@2.1.2 D:\vibecoding\ssh\new-ssh\app\node_modules\minizlib
16 error extraneous: mississippi@3.0.0 D:\vibecoding\ssh\new-ssh\app\node_modules\mississippi
16 error extraneous: mkdirp@0.5.6 D:\vibecoding\ssh\new-ssh\app\node_modules\mkdirp
16 error extraneous: move-concurrently@1.0.1 D:\vibecoding\ssh\new-ssh\app\node_modules\move-concurrently
16 error extraneous: mute-stream@0.0.8 D:\vibecoding\ssh\new-ssh\app\node_modules\mute-stream
16 error extraneous: negotiator@0.6.4 D:\vibecoding\ssh\new-ssh\app\node_modules\negotiator
16 error extraneous: node-fetch-npm@2.0.4 D:\vibecoding\ssh\new-ssh\app\node_modules\node-fetch-npm
16 error extraneous: node-gyp@10.0.1 D:\vibecoding\ssh\new-ssh\app\node_modules\node-gyp
16 error extraneous: nopt@4.0.3 D:\vibecoding\ssh\new-ssh\app\node_modules\nopt
16 error extraneous: normalize-package-data@2.5.0 D:\vibecoding\ssh\new-ssh\app\node_modules\normalize-package-data
16 error extraneous: npm-audit-report@1.3.3 D:\vibecoding\ssh\new-ssh\app\node_modules\npm-audit-report
16 error extraneous: npm-bundled@1.1.2 D:\vibecoding\ssh\new-ssh\app\node_modules\npm-bundled
16 error extraneous: npm-cache-filename@1.0.2 D:\vibecoding\ssh\new-ssh\app\node_modules\npm-cache-filename
16 error extraneous: npm-install-checks@3.0.2 D:\vibecoding\ssh\new-ssh\app\node_modules\npm-install-checks
16 error extraneous: npm-lifecycle@3.1.5 D:\vibecoding\ssh\new-ssh\app\node_modules\npm-lifecycle
16 error extraneous: npm-logical-tree@1.2.1 D:\vibecoding\ssh\new-ssh\app\node_modules\npm-logical-tree
16 error extraneous: npm-normalize-package-bin@1.0.1 D:\vibecoding\ssh\new-ssh\app\node_modules\npm-normalize-package-bin
16 error extraneous: npm-package-arg@6.1.1 D:\vibecoding\ssh\new-ssh\app\node_modules\npm-package-arg
16 error extraneous: npm-packlist@1.4.8 D:\vibecoding\ssh\new-ssh\app\node_modules\npm-packlist
16 error extraneous: npm-pick-manifest@3.0.2 D:\vibecoding\ssh\new-ssh\app\node_modules\npm-pick-manifest
16 error extraneous: npm-profile@4.0.4 D:\vibecoding\ssh\new-ssh\app\node_modules\npm-profile
16 error extraneous: npm-registry-fetch@4.0.7 D:\vibecoding\ssh\new-ssh\app\node_modules\npm-registry-fetch
16 error extraneous: npm-run-path@2.0.2 D:\vibecoding\ssh\new-ssh\app\node_modules\npm-run-path
16 error extraneous: npm-user-validate@1.0.1 D:\vibecoding\ssh\new-ssh\app\node_modules\npm-user-validate
16 error extraneous: npmlog@4.1.2 D:\vibecoding\ssh\new-ssh\app\node_modules\npmlog
16 error extraneous: number-is-nan@1.0.1 D:\vibecoding\ssh\new-ssh\app\node_modules\number-is-nan
16 error extraneous: oauth-sign@0.9.0 D:\vibecoding\ssh\new-ssh\app\node_modules\oauth-sign
16 error extraneous: object-inspect@1.13.4 D:\vibecoding\ssh\new-ssh\app\node_modules\object-inspect
16 error extraneous: object.assign@4.1.7 D:\vibecoding\ssh\new-ssh\app\node_modules\object.assign
16 error extraneous: object.getownpropertydescriptors@2.1.9 D:\vibecoding\ssh\new-ssh\app\node_modules\object.getownpropertydescriptors
16 error extraneous: opener@1.5.2 D:\vibecoding\ssh\new-ssh\app\node_modules\opener
16 error extraneous: os-tmpdir@1.0.2 D:\vibecoding\ssh\new-ssh\app\node_modules\os-tmpdir
16 error extraneous: osenv@0.1.5 D:\vibecoding\ssh\new-ssh\app\node_modules\osenv
16 error extraneous: own-keys@1.0.1 D:\vibecoding\ssh\new-ssh\app\node_modules\own-keys
16 error extraneous: p-finally@1.0.0 D:\vibecoding\ssh\new-ssh\app\node_modules\p-finally
16 error extraneous: p-limit@1.3.0 D:\vibecoding\ssh\new-ssh\app\node_modules\p-limit
16 error extraneous: p-locate@2.0.0 D:\vibecoding\ssh\new-ssh\app\node_modules\p-locate
16 error extraneous: p-map@4.0.0 D:\vibecoding\ssh\new-ssh\app\node_modules\p-map
16 error extraneous: p-try@1.0.0 D:\vibecoding\ssh\new-ssh\app\node_modules\p-try
16 error extraneous: package-json-from-dist@1.0.1 D:\vibecoding\ssh\new-ssh\app\node_modules\package-json-from-dist
16 error extraneous: package-json@4.0.1 D:\vibecoding\ssh\new-ssh\app\node_modules\package-json
16 error extraneous: pacote@9.5.12 D:\vibecoding\ssh\new-ssh\app\node_modules\pacote
16 error extraneous: parallel-transform@1.2.0 D:\vibecoding\ssh\new-ssh\app\node_modules\parallel-transform
16 error extraneous: path-is-absolute@1.0.1 D:\vibecoding\ssh\new-ssh\app\node_modules\path-is-absolute
16 error extraneous: path-is-inside@1.0.2 D:\vibecoding\ssh\new-ssh\app\node_modules\path-is-inside
16 error extraneous: path-parse@1.0.7 D:\vibecoding\ssh\new-ssh\app\node_modules\path-parse
16 error extraneous: path-scurry@1.11.1 D:\vibecoding\ssh\new-ssh\app\node_modules\path-scurry
16 error extraneous: performance-now@2.1.0 D:\vibecoding\ssh\new-ssh\app\node_modules\performance-now
16 error extraneous: possible-typed-array-names@1.1.0 D:\vibecoding\ssh\new-ssh\app\node_modules\possible-typed-array-names
16 error extraneous: prepend-http@1.0.4 D:\vibecoding\ssh\new-ssh\app\node_modules\prepend-http
16 error extraneous: proc-log@3.0.0 D:\vibecoding\ssh\new-ssh\app\node_modules\proc-log
16 error extraneous: process-nextick-args@2.0.1 D:\vibecoding\ssh\new-ssh\app\node_modules\process-nextick-args
16 error extraneous: promise-inflight@1.0.1 D:\vibecoding\ssh\new-ssh\app\node_modules\promise-inflight
16 error extraneous: promise-retry@1.1.1 D:\vibecoding\ssh\new-ssh\app\node_modules\promise-retry
16 error extraneous: promzard@0.3.0 D:\vibecoding\ssh\new-ssh\app\node_modules\promzard
16 error extraneous: proto-list@1.2.4 D:\vibecoding\ssh\new-ssh\app\node_modules\proto-list
16 error extraneous: protoduck@5.0.1 D:\vibecoding\ssh\new-ssh\app\node_modules\protoduck
16 error extraneous: prr@1.0.1 D:\vibecoding\ssh\new-ssh\app\node_modules\prr
16 error extraneous: pseudomap@1.0.2 D:\vibecoding\ssh\new-ssh\app\node_modules\pseudomap
16 error extraneous: psl@1.15.0 D:\vibecoding\ssh\new-ssh\app\node_modules\psl
16 error extraneous: pumpify@1.5.1 D:\vibecoding\ssh\new-ssh\app\node_modules\pumpify
16 error extraneous: punycode@2.3.1 D:\vibecoding\ssh\new-ssh\app\node_modules\punycode
16 error extraneous: qrcode-terminal@0.12.0 D:\vibecoding\ssh\new-ssh\app\node_modules\qrcode-terminal
16 error extraneous: qs@6.5.3 D:\vibecoding\ssh\new-ssh\app\node_modules\qs
16 error extraneous: query-string@6.14.1 D:\vibecoding\ssh\new-ssh\app\node_modules\query-string
16 error extraneous: qw@1.0.2 D:\vibecoding\ssh\new-ssh\app\node_modules\qw
16 error extraneous: read-cmd-shim@1.0.5 D:\vibecoding\ssh\new-ssh\app\node_modules\read-cmd-shim
16 error extraneous: read-installed@4.0.3 D:\vibecoding\ssh\new-ssh\app\node_modules\read-installed
16 error extraneous: read-package-json@2.1.2 D:\vibecoding\ssh\new-ssh\app\node_modules\read-package-json
16 error extraneous: read-package-tree@5.3.1 D:\vibecoding\ssh\new-ssh\app\node_modules\read-package-tree
16 error extraneous: read@1.0.7 D:\vibecoding\ssh\new-ssh\app\node_modules\read
16 error extraneous: readable-stream@2.3.8 D:\vibecoding\ssh\new-ssh\app\node_modules\readable-stream
16 error extraneous: readdir-scoped-modules@1.1.0 D:\vibecoding\ssh\new-ssh\app\node_modules\readdir-scoped-modules
16 error extraneous: reflect.getprototypeof@1.0.10 D:\vibecoding\ssh\new-ssh\app\node_modules\reflect.getprototypeof
16 error extraneous: regexp.prototype.flags@1.5.4 D:\vibecoding\ssh\new-ssh\app\node_modules\regexp.prototype.flags
16 error extraneous: registry-auth-token@3.4.0 D:\vibecoding\ssh\new-ssh\app\node_modules\registry-auth-token
16 error extraneous: registry-url@3.1.0 D:\vibecoding\ssh\new-ssh\app\node_modules\registry-url
16 error extraneous: request@2.88.2 D:\vibecoding\ssh\new-ssh\app\node_modules\request
16 error extraneous: require-main-filename@2.0.0 D:\vibecoding\ssh\new-ssh\app\node_modules\require-main-filename
16 error extraneous: resolve-from@4.0.0 D:\vibecoding\ssh\new-ssh\app\node_modules\resolve-from
16 error extraneous: resolve@1.22.11 D:\vibecoding\ssh\new-ssh\app\node_modules\resolve
16 error extraneous: retry@0.12.0 D:\vibecoding\ssh\new-ssh\app\node_modules\retry
16 error extraneous: rimraf@2.7.1 D:\vibecoding\ssh\new-ssh\app\node_modules\rimraf
16 error extraneous: run-queue@1.0.3 D:\vibecoding\ssh\new-ssh\app\node_modules\run-queue
16 error extraneous: safe-array-concat@1.1.3 D:\vibecoding\ssh\new-ssh\app\node_modules\safe-array-concat
16 error extraneous: safe-push-apply@1.0.0 D:\vibecoding\ssh\new-ssh\app\node_modules\safe-push-apply
16 error extraneous: safe-regex-test@1.1.0 D:\vibecoding\ssh\new-ssh\app\node_modules\safe-regex-test
16 error extraneous: safer-buffer@2.1.2 D:\vibecoding\ssh\new-ssh\app\node_modules\safer-buffer
16 error extraneous: semver-diff@2.1.0 D:\vibecoding\ssh\new-ssh\app\node_modules\semver-diff
16 error invalid: semver@7.8.4 D:\vibecoding\ssh\new-ssh\app\node_modules\semver
16 error extraneous: semver@7.8.4 D:\vibecoding\ssh\new-ssh\app\node_modules\semver
16 error extraneous: set-blocking@2.0.0 D:\vibecoding\ssh\new-ssh\app\node_modules\set-blocking
16 error extraneous: set-function-name@2.0.2 D:\vibecoding\ssh\new-ssh\app\node_modules\set-function-name
16 error extraneous: set-proto@1.0.0 D:\vibecoding\ssh\new-ssh\app\node_modules\set-proto
16 error extraneous: sha@3.0.0 D:\vibecoding\ssh\new-ssh\app\node_modules\sha
16 error extraneous: side-channel-list@1.0.0 D:\vibecoding\ssh\new-ssh\app\node_modules\side-channel-list
16 error extraneous: side-channel-map@1.0.1 D:\vibecoding\ssh\new-ssh\app\node_modules\side-channel-map
16 error extraneous: side-channel-weakmap@1.0.2 D:\vibecoding\ssh\new-ssh\app\node_modules\side-channel-weakmap
16 error extraneous: side-channel@1.1.0 D:\vibecoding\ssh\new-ssh\app\node_modules\side-channel
16 error extraneous: slide@1.1.6 D:\vibecoding\ssh\new-ssh\app\node_modules\slide
16 error extraneous: smart-buffer@4.2.0 D:\vibecoding\ssh\new-ssh\app\node_modules\smart-buffer
16 error extraneous: socks-proxy-agent@4.0.2 D:\vibecoding\ssh\new-ssh\app\node_modules\socks-proxy-agent
16 error extraneous: socks@2.3.3 D:\vibecoding\ssh\new-ssh\app\node_modules\socks
16 error extraneous: sorted-object@2.0.1 D:\vibecoding\ssh\new-ssh\app\node_modules\sorted-object
16 error extraneous: sorted-union-stream@2.1.3 D:\vibecoding\ssh\new-ssh\app\node_modules\sorted-union-stream
16 error extraneous: spdx-correct@3.2.0 D:\vibecoding\ssh\new-ssh\app\node_modules\spdx-correct
16 error extraneous: spdx-exceptions@2.5.0 D:\vibecoding\ssh\new-ssh\app\node_modules\spdx-exceptions
16 error extraneous: spdx-expression-parse@3.0.1 D:\vibecoding\ssh\new-ssh\app\node_modules\spdx-expression-parse
16 error extraneous: spdx-license-ids@3.0.22 D:\vibecoding\ssh\new-ssh\app\node_modules\spdx-license-ids
16 error extraneous: split-on-first@1.1.0 D:\vibecoding\ssh\new-ssh\app\node_modules\split-on-first
16 error extraneous: sshpk@1.18.0 D:\vibecoding\ssh\new-ssh\app\node_modules\sshpk
16 error extraneous: ssri@6.0.2 D:\vibecoding\ssh\new-ssh\app\node_modules\ssri
16 error extraneous: stop-iteration-iterator@1.1.0 D:\vibecoding\ssh\new-ssh\app\node_modules\stop-iteration-iterator
16 error extraneous: stream-each@1.2.3 D:\vibecoding\ssh\new-ssh\app\node_modules\stream-each
16 error extraneous: stream-iterate@1.2.0 D:\vibecoding\ssh\new-ssh\app\node_modules\stream-iterate
16 error extraneous: stream-shift@1.0.3 D:\vibecoding\ssh\new-ssh\app\node_modules\stream-shift
16 error extraneous: strict-uri-encode@2.0.0 D:\vibecoding\ssh\new-ssh\app\node_modules\strict-uri-encode
16 error extraneous: string-width-cjs@npm:string-width@4.2.3 D:\vibecoding\ssh\new-ssh\app\node_modules\string-width-cjs
16 error extraneous: string.prototype.trim@1.2.10 D:\vibecoding\ssh\new-ssh\app\node_modules\string.prototype.trim
16 error extraneous: string.prototype.trimend@1.0.9 D:\vibecoding\ssh\new-ssh\app\node_modules\string.prototype.trimend
16 error extraneous: string.prototype.trimstart@1.0.8 D:\vibecoding\ssh\new-ssh\app\node_modules\string.prototype.trimstart
16 error extraneous: stringify-package@1.0.1 D:\vibecoding\ssh\new-ssh\app\node_modules\stringify-package
16 error extraneous: strip-ansi-cjs@npm:strip-ansi@6.0.1 D:\vibecoding\ssh\new-ssh\app\node_modules\strip-ansi-cjs
16 error extraneous: strip-eof@1.0.0 D:\vibecoding\ssh\new-ssh\app\node_modules\strip-eof
16 error extraneous: supports-color@7.2.0 D:\vibecoding\ssh\new-ssh\app\node_modules\supports-color
16 error extraneous: supports-preserve-symlinks-flag@1.0.0 D:\vibecoding\ssh\new-ssh\app\node_modules\supports-preserve-symlinks-flag
16 error missing: tabby-community-color-schemes@*, required by tabby@1.0.1
16 error missing: tabby-core@*, required by tabby@1.0.1
16 error missing: tabby-electron@*, required by tabby@1.0.1
16 error missing: tabby-local@*, required by tabby@1.0.1
16 error missing: tabby-plugin-manager@*, required by tabby@1.0.1
16 error missing: tabby-serial@*, required by tabby@1.0.1
16 error missing: tabby-settings@*, required by tabby@1.0.1
16 error missing: tabby-ssh@*, required by tabby@1.0.1
16 error missing: tabby-terminal@*, required by tabby@1.0.1
16 error extraneous: tar-fs@2.1.1 D:\vibecoding\ssh\new-ssh\app\node_modules\tar-fs
16 error extraneous: tar@4.4.19 D:\vibecoding\ssh\new-ssh\app\node_modules\tar
16 error extraneous: term-size@1.2.0 D:\vibecoding\ssh\new-ssh\app\node_modules\term-size
16 error extraneous: text-table@0.2.0 D:\vibecoding\ssh\new-ssh\app\node_modules\text-table
16 error extraneous: through@2.3.8 D:\vibecoding\ssh\new-ssh\app\node_modules\through
16 error extraneous: through2@2.0.5 D:\vibecoding\ssh\new-ssh\app\node_modules\through2
16 error extraneous: timed-out@4.0.1 D:\vibecoding\ssh\new-ssh\app\node_modules\timed-out
16 error extraneous: tiny-relative-date@1.3.0 D:\vibecoding\ssh\new-ssh\app\node_modules\tiny-relative-date
16 error extraneous: tough-cookie@2.5.0 D:\vibecoding\ssh\new-ssh\app\node_modules\tough-cookie
16 error extraneous: tweetnacl@0.14.5 D:\vibecoding\ssh\new-ssh\app\node_modules\tweetnacl
16 error extraneous: typed-array-buffer@1.0.3 D:\vibecoding\ssh\new-ssh\app\node_modules\typed-array-buffer
16 error extraneous: typed-array-byte-length@1.0.3 D:\vibecoding\ssh\new-ssh\app\node_modules\typed-array-byte-length
16 error extraneous: typed-array-byte-offset@1.0.4 D:\vibecoding\ssh\new-ssh\app\node_modules\typed-array-byte-offset
16 error extraneous: typed-array-length@1.0.7 D:\vibecoding\ssh\new-ssh\app\node_modules\typed-array-length
16 error extraneous: typedarray@0.0.6 D:\vibecoding\ssh\new-ssh\app\node_modules\typedarray
16 error extraneous: uid-number@0.0.6 D:\vibecoding\ssh\new-ssh\app\node_modules\uid-number
16 error extraneous: umask@1.1.0 D:\vibecoding\ssh\new-ssh\app\node_modules\umask
16 error extraneous: unbox-primitive@1.1.0 D:\vibecoding\ssh\new-ssh\app\node_modules\unbox-primitive
16 error extraneous: unique-filename@1.1.1 D:\vibecoding\ssh\new-ssh\app\node_modules\unique-filename
16 error extraneous: unique-slug@2.0.2 D:\vibecoding\ssh\new-ssh\app\node_modules\unique-slug
16 error extraneous: unique-string@1.0.0 D:\vibecoding\ssh\new-ssh\app\node_modules\unique-string
16 error extraneous: unpipe@1.0.0 D:\vibecoding\ssh\new-ssh\app\node_modules\unpipe
16 error extraneous: unzip-response@2.0.1 D:\vibecoding\ssh\new-ssh\app\node_modules\unzip-response
16 error extraneous: update-notifier@2.5.0 D:\vibecoding\ssh\new-ssh\app\node_modules\update-notifier
16 error extraneous: uri-js@4.4.1 D:\vibecoding\ssh\new-ssh\app\node_modules\uri-js
16 error extraneous: url-parse-lax@1.0.0 D:\vibecoding\ssh\new-ssh\app\node_modules\url-parse-lax
16 error extraneous: util-extend@1.0.3 D:\vibecoding\ssh\new-ssh\app\node_modules\util-extend
16 error extraneous: util-promisify@2.1.0 D:\vibecoding\ssh\new-ssh\app\node_modules\util-promisify
16 error extraneous: validate-npm-package-license@3.0.4 D:\vibecoding\ssh\new-ssh\app\node_modules\validate-npm-package-license
16 error extraneous: validate-npm-package-name@3.0.0 D:\vibecoding\ssh\new-ssh\app\node_modules\validate-npm-package-name
16 error extraneous: verror@1.10.0 D:\vibecoding\ssh\new-ssh\app\node_modules\verror
16 error extraneous: wcwidth@1.0.1 D:\vibecoding\ssh\new-ssh\app\node_modules\wcwidth
16 error extraneous: which-boxed-primitive@1.1.1 D:\vibecoding\ssh\new-ssh\app\node_modules\which-boxed-primitive
16 error extraneous: which-builtin-type@1.2.1 D:\vibecoding\ssh\new-ssh\app\node_modules\which-builtin-type
16 error extraneous: which-collection@1.0.2 D:\vibecoding\ssh\new-ssh\app\node_modules\which-collection
16 error extraneous: which-module@2.0.1 D:\vibecoding\ssh\new-ssh\app\node_modules\which-module
16 error extraneous: which-typed-array@1.1.19 D:\vibecoding\ssh\new-ssh\app\node_modules\which-typed-array
16 error invalid: which@2.0.2 D:\vibecoding\ssh\new-ssh\app\node_modules\which
16 error extraneous: which@2.0.2 D:\vibecoding\ssh\new-ssh\app\node_modules\which
16 error extraneous: wide-align@1.1.5 D:\vibecoding\ssh\new-ssh\app\node_modules\wide-align
16 error extraneous: widest-line@2.0.1 D:\vibecoding\ssh\new-ssh\app\node_modules\widest-line
16 error extraneous: worker-farm@1.7.0 D:\vibecoding\ssh\new-ssh\app\node_modules\worker-farm
16 error extraneous: wrap-ansi-cjs@npm:wrap-ansi@7.0.0 D:\vibecoding\ssh\new-ssh\app\node_modules\wrap-ansi-cjs
16 error extraneous: xdg-basedir@3.0.0 D:\vibecoding\ssh\new-ssh\app\node_modules\xdg-basedir
16 error extraneous: xtend@4.0.2 D:\vibecoding\ssh\new-ssh\app\node_modules\xtend
16 error invalid: y18n@5.0.8 D:\vibecoding\ssh\new-ssh\app\node_modules\y18n
16 error extraneous: y18n@5.0.8 D:\vibecoding\ssh\new-ssh\app\node_modules\y18n
16 error extraneous: yallist@3.1.1 D:\vibecoding\ssh\new-ssh\app\node_modules\yallist
16 error missing: electron@>= 13.0.0, required by @electron/remote@2.1.3
16 error extraneous: ansi-regex@6.2.2 D:\vibecoding\ssh\new-ssh\app\node_modules\@isaacs\cliui\node_modules\ansi-regex
16 error extraneous: ansi-styles@6.2.3 D:\vibecoding\ssh\new-ssh\app\node_modules\@isaacs\cliui\node_modules\ansi-styles
16 error extraneous: emoji-regex@9.2.2 D:\vibecoding\ssh\new-ssh\app\node_modules\@isaacs\cliui\node_modules\emoji-regex
16 error extraneous: string-width@5.1.2 D:\vibecoding\ssh\new-ssh\app\node_modules\@isaacs\cliui\node_modules\string-width
16 error extraneous: strip-ansi@7.1.2 D:\vibecoding\ssh\new-ssh\app\node_modules\@isaacs\cliui\node_modules\strip-ansi
16 error extraneous: wrap-ansi@8.1.0 D:\vibecoding\ssh\new-ssh\app\node_modules\@isaacs\cliui\node_modules\wrap-ansi
16 error extraneous: debug@4.4.3 D:\vibecoding\ssh\new-ssh\app\node_modules\@npmcli\agent\node_modules\debug
16 error extraneous: http-proxy-agent@7.0.2 D:\vibecoding\ssh\new-ssh\app\node_modules\@npmcli\agent\node_modules\http-proxy-agent
16 error extraneous: https-proxy-agent@7.0.6 D:\vibecoding\ssh\new-ssh\app\node_modules\@npmcli\agent\node_modules\https-proxy-agent
16 error extraneous: lru-cache@10.4.3 D:\vibecoding\ssh\new-ssh\app\node_modules\@npmcli\agent\node_modules\lru-cache
16 error extraneous: socks-proxy-agent@8.0.5 D:\vibecoding\ssh\new-ssh\app\node_modules\@npmcli\agent\node_modules\socks-proxy-agent
16 error extraneous: socks@2.8.7 D:\vibecoding\ssh\new-ssh\app\node_modules\@npmcli\agent\node_modules\socks
16 error extraneous: semver@7.7.3 D:\vibecoding\ssh\new-ssh\app\node_modules\@npmcli\fs\node_modules\semver
16 error invalid: string-width@4.2.3 D:\vibecoding\ssh\new-ssh\app\node_modules\string-width
16 error invalid: ansi-styles@3.2.1 D:\vibecoding\ssh\new-ssh\app\node_modules\chalk\node_modules\ansi-styles
16 error extraneous: ansi-styles@3.2.1 D:\vibecoding\ssh\new-ssh\app\node_modules\chalk\node_modules\ansi-styles
16 error extraneous: color-convert@1.9.3 D:\vibecoding\ssh\new-ssh\app\node_modules\chalk\node_modules\color-convert
16 error extraneous: color-name@1.1.3 D:\vibecoding\ssh\new-ssh\app\node_modules\chalk\node_modules\color-name
16 error invalid: strip-ansi@6.0.1 D:\vibecoding\ssh\new-ssh\app\node_modules\strip-ansi
16 error extraneous: aproba@1.2.0 D:\vibecoding\ssh\new-ssh\app\node_modules\copy-concurrently\node_modules\aproba
16 error missing: electron@>= 9.1.2, required by electron-promise-ipc@2.2.4
16 error extraneous: cross-spawn@5.1.0 D:\vibecoding\ssh\new-ssh\app\node_modules\execa\node_modules\cross-spawn
16 error extraneous: get-stream@3.0.0 D:\vibecoding\ssh\new-ssh\app\node_modules\execa\node_modules\get-stream
16 error extraneous: lru-cache@4.1.5 D:\vibecoding\ssh\new-ssh\app\node_modules\execa\node_modules\lru-cache
16 error extraneous: shebang-command@1.2.0 D:\vibecoding\ssh\new-ssh\app\node_modules\execa\node_modules\shebang-command
16 error extraneous: shebang-regex@1.0.0 D:\vibecoding\ssh\new-ssh\app\node_modules\execa\node_modules\shebang-regex
16 error extraneous: yallist@2.1.2 D:\vibecoding\ssh\new-ssh\app\node_modules\execa\node_modules\yallist
16 error extraneous: signal-exit@4.1.0 D:\vibecoding\ssh\new-ssh\app\node_modules\foreground-child\node_modules\signal-exit
16 error extraneous: isarray@0.0.1 D:\vibecoding\ssh\new-ssh\app\node_modules\from2\node_modules\isarray
16 error extraneous: readable-stream@1.1.14 D:\vibecoding\ssh\new-ssh\app\node_modules\from2\node_modules\readable-stream
16 error extraneous: string_decoder@0.10.31 D:\vibecoding\ssh\new-ssh\app\node_modules\from2\node_modules\string_decoder
16 error extraneous: minipass@2.9.0 D:\vibecoding\ssh\new-ssh\app\node_modules\fs-minipass\node_modules\minipass
16 error extraneous: aproba@1.2.0 D:\vibecoding\ssh\new-ssh\app\node_modules\gauge\node_modules\aproba
16 error extraneous: is-fullwidth-code-point@1.0.0 D:\vibecoding\ssh\new-ssh\app\node_modules\gauge\node_modules\is-fullwidth-code-point
16 error extraneous: string-width@1.0.2 D:\vibecoding\ssh\new-ssh\app\node_modules\gauge\node_modules\string-width
16 error extraneous: aproba@1.2.0 D:\vibecoding\ssh\new-ssh\app\node_modules\gentle-fs\node_modules\aproba
16 error extraneous: get-stream@3.0.0 D:\vibecoding\ssh\new-ssh\app\node_modules\got\node_modules\get-stream
16 error extraneous: agent-base@4.3.0 D:\vibecoding\ssh\new-ssh\app\node_modules\http-proxy-agent\node_modules\agent-base
16 error extraneous: debug@3.1.0 D:\vibecoding\ssh\new-ssh\app\node_modules\http-proxy-agent\node_modules\debug
16 error extraneous: ms@2.0.0 D:\vibecoding\ssh\new-ssh\app\node_modules\http-proxy-agent\node_modules\ms
16 error extraneous: agent-base@4.3.0 D:\vibecoding\ssh\new-ssh\app\node_modules\https-proxy-agent\node_modules\agent-base
16 error extraneous: debug@3.2.7 D:\vibecoding\ssh\new-ssh\app\node_modules\https-proxy-agent\node_modules\debug
16 error extraneous: ci-info@1.6.0 D:\vibecoding\ssh\new-ssh\app\node_modules\is-ci\node_modules\ci-info
16 error invalid: find-up@2.1.0 D:\vibecoding\ssh\new-ssh\app\node_modules\find-up
16 error extraneous: ansi-regex@4.1.1 D:\vibecoding\ssh\new-ssh\app\node_modules\libnpx\node_modules\ansi-regex
16 error extraneous: camelcase@5.3.1 D:\vibecoding\ssh\new-ssh\app\node_modules\libnpx\node_modules\camelcase
16 error extraneous: cliui@5.0.0 D:\vibecoding\ssh\new-ssh\app\node_modules\libnpx\node_modules\cliui
16 error extraneous: emoji-regex@7.0.3 D:\vibecoding\ssh\new-ssh\app\node_modules\libnpx\node_modules\emoji-regex
16 error extraneous: is-fullwidth-code-point@2.0.0 D:\vibecoding\ssh\new-ssh\app\node_modules\libnpx\node_modules\is-fullwidth-code-point
16 error extraneous: string-width@3.1.0 D:\vibecoding\ssh\new-ssh\app\node_modules\libnpx\node_modules\string-width
16 error extraneous: strip-ansi@5.2.0 D:\vibecoding\ssh\new-ssh\app\node_modules\libnpx\node_modules\strip-ansi
16 error extraneous: yargs-parser@15.0.3 D:\vibecoding\ssh\new-ssh\app\node_modules\libnpx\node_modules\yargs-parser
16 error extraneous: yargs@14.2.3 D:\vibecoding\ssh\new-ssh\app\node_modules\libnpx\node_modules\yargs
16 error extraneous: minipass@3.3.6 D:\vibecoding\ssh\new-ssh\app\node_modules\minipass-flush\node_modules\minipass
16 error extraneous: yallist@4.0.0 D:\vibecoding\ssh\new-ssh\app\node_modules\minipass-flush\node_modules\yallist
16 error extraneous: minipass@3.3.6 D:\vibecoding\ssh\new-ssh\app\node_modules\minipass-pipeline\node_modules\minipass
16 error extraneous: yallist@4.0.0 D:\vibecoding\ssh\new-ssh\app\node_modules\minipass-pipeline\node_modules\yallist
16 error extraneous: minipass@3.3.6 D:\vibecoding\ssh\new-ssh\app\node_modules\minipass-sized\node_modules\minipass
16 error extraneous: yallist@4.0.0 D:\vibecoding\ssh\new-ssh\app\node_modules\minipass-sized\node_modules\yallist
16 error extraneous: minipass@3.3.6 D:\vibecoding\ssh\new-ssh\app\node_modules\minizlib\node_modules\minipass
16 error extraneous: yallist@4.0.0 D:\vibecoding\ssh\new-ssh\app\node_modules\minizlib\node_modules\yallist
16 error extraneous: from2@2.3.0 D:\vibecoding\ssh\new-ssh\app\node_modules\mississippi\node_modules\from2
16 error extraneous: aproba@1.2.0 D:\vibecoding\ssh\new-ssh\app\node_modules\move-concurrently\node_modules\aproba
16 error extraneous: abbrev@2.0.0 D:\vibecoding\ssh\new-ssh\app\node_modules\node-gyp\node_modules\abbrev
16 error extraneous: brace-expansion@2.0.2 D:\vibecoding\ssh\new-ssh\app\node_modules\node-gyp\node_modules\brace-expansion
16 error extraneous: cacache@18.0.4 D:\vibecoding\ssh\new-ssh\app\node_modules\node-gyp\node_modules\cacache
16 error extraneous: chownr@2.0.0 D:\vibecoding\ssh\new-ssh\app\node_modules\node-gyp\node_modules\chownr
16 error extraneous: env-paths@2.2.1 D:\vibecoding\ssh\new-ssh\app\node_modules\node-gyp\node_modules\env-paths
16 error extraneous: err-code@2.0.3 D:\vibecoding\ssh\new-ssh\app\node_modules\node-gyp\node_modules\err-code
16 error extraneous: fs-minipass@2.1.0 D:\vibecoding\ssh\new-ssh\app\node_modules\node-gyp\node_modules\fs-minipass
16 error extraneous: glob@10.5.0 D:\vibecoding\ssh\new-ssh\app\node_modules\node-gyp\node_modules\glob
16 error extraneous: http-cache-semantics@4.2.0 D:\vibecoding\ssh\new-ssh\app\node_modules\node-gyp\node_modules\http-cache-semantics
16 error extraneous: isexe@3.1.1 D:\vibecoding\ssh\new-ssh\app\node_modules\node-gyp\node_modules\isexe
16 error extraneous: lru-cache@10.4.3 D:\vibecoding\ssh\new-ssh\app\node_modules\node-gyp\node_modules\lru-cache
16 error extraneous: make-fetch-happen@13.0.1 D:\vibecoding\ssh\new-ssh\app\node_modules\node-gyp\node_modules\make-fetch-happen
16 error extraneous: minimatch@9.0.5 D:\vibecoding\ssh\new-ssh\app\node_modules\node-gyp\node_modules\minimatch
16 error extraneous: minipass@5.0.0 D:\vibecoding\ssh\new-ssh\app\node_modules\node-gyp\node_modules\minipass
16 error extraneous: mkdirp@1.0.4 D:\vibecoding\ssh\new-ssh\app\node_modules\node-gyp\node_modules\mkdirp
16 error extraneous: nopt@7.2.1 D:\vibecoding\ssh\new-ssh\app\node_modules\node-gyp\node_modules\nopt
16 error extraneous: promise-retry@2.0.1 D:\vibecoding\ssh\new-ssh\app\node_modules\node-gyp\node_modules\promise-retry
16 error extraneous: semver@7.7.3 D:\vibecoding\ssh\new-ssh\app\node_modules\node-gyp\node_modules\semver
16 error extraneous: ssri@10.0.6 D:\vibecoding\ssh\new-ssh\app\node_modules\node-gyp\node_modules\ssri
16 error extraneous: tar@6.2.1 D:\vibecoding\ssh\new-ssh\app\node_modules\node-gyp\node_modules\tar
16 error extraneous: unique-filename@3.0.0 D:\vibecoding\ssh\new-ssh\app\node_modules\node-gyp\node_modules\unique-filename
16 error extraneous: unique-slug@4.0.0 D:\vibecoding\ssh\new-ssh\app\node_modules\node-gyp\node_modules\unique-slug
16 error extraneous: which@4.0.0 D:\vibecoding\ssh\new-ssh\app\node_modules\node-gyp\node_modules\which
16 error extraneous: yallist@4.0.0 D:\vibecoding\ssh\new-ssh\app\node_modules\node-gyp\node_modules\yallist
16 error invalid: node-gyp@10.0.1 D:\vibecoding\ssh\new-ssh\app\node_modules\node-gyp
16 error extraneous: path-key@2.0.1 D:\vibecoding\ssh\new-ssh\app\node_modules\npm-run-path\node_modules\path-key
16 error extraneous: lodash._baseindexof@3.1.0 D:\vibecoding\ssh\new-ssh\app\node_modules\npm\node_modules\lodash._baseindexof
16 error extraneous: lodash._bindcallback@3.0.1 D:\vibecoding\ssh\new-ssh\app\node_modules\npm\node_modules\lodash._bindcallback
16 error extraneous: lodash._cacheindexof@3.0.2 D:\vibecoding\ssh\new-ssh\app\node_modules\npm\node_modules\lodash._cacheindexof
16 error extraneous: lodash._createcache@3.1.2 D:\vibecoding\ssh\new-ssh\app\node_modules\npm\node_modules\lodash._createcache
16 error extraneous: lodash._getnative@3.9.1 D:\vibecoding\ssh\new-ssh\app\node_modules\npm\node_modules\lodash._getnative
16 error extraneous: lodash.restparam@3.6.1 D:\vibecoding\ssh\new-ssh\app\node_modules\npm\node_modules\lodash.restparam
16 error extraneous: minipass@2.9.0 D:\vibecoding\ssh\new-ssh\app\node_modules\pacote\node_modules\minipass
16 error extraneous: lru-cache@10.4.3 D:\vibecoding\ssh\new-ssh\app\node_modules\path-scurry\node_modules\lru-cache
16 error extraneous: retry@0.10.1 D:\vibecoding\ssh\new-ssh\app\node_modules\promise-retry\node_modules\retry
16 error extraneous: pump@2.0.1 D:\vibecoding\ssh\new-ssh\app\node_modules\pumpify\node_modules\pump
16 error extraneous: isarray@1.0.0 D:\vibecoding\ssh\new-ssh\app\node_modules\readable-stream\node_modules\isarray
16 error extraneous: safe-buffer@5.1.2 D:\vibecoding\ssh\new-ssh\app\node_modules\readable-stream\node_modules\safe-buffer
16 error extraneous: string_decoder@1.1.1 D:\vibecoding\ssh\new-ssh\app\node_modules\readable-stream\node_modules\string_decoder
16 error extraneous: aproba@1.2.0 D:\vibecoding\ssh\new-ssh\app\node_modules\run-queue\node_modules\aproba
16 error extraneous: agent-base@4.2.1 D:\vibecoding\ssh\new-ssh\app\node_modules\socks-proxy-agent\node_modules\agent-base
16 error extraneous: minipass@2.9.0 D:\vibecoding\ssh\new-ssh\app\node_modules\tar\node_modules\minipass
16 error extraneous: minizlib@1.3.3 D:\vibecoding\ssh\new-ssh\app\node_modules\tar\node_modules\minizlib
16 error extraneous: core-util-is@1.0.2 D:\vibecoding\ssh\new-ssh\app\node_modules\verror\node_modules\core-util-is
16 error extraneous: extsprintf@1.4.1 D:\vibecoding\ssh\new-ssh\app\node_modules\verror\node_modules\extsprintf
16 error invalid: is-fullwidth-code-point@2.0.0 D:\vibecoding\ssh\new-ssh\app\node_modules\string-width\node_modules\is-fullwidth-code-point
16 error invalid: strip-ansi@4.0.0 D:\vibecoding\ssh\new-ssh\app\node_modules\string-width\node_modules\strip-ansi
16 error invalid: ansi-regex@2.1.1 D:\vibecoding\ssh\new-ssh\app\node_modules\strip-ansi\node_modules\ansi-regex
16 error invalid: wrap-ansi@7.0.0 D:\vibecoding\ssh\new-ssh\app\node_modules\wrap-ansi
16 error extraneous: fs-minipass@3.0.3 D:\vibecoding\ssh\new-ssh\app\node_modules\node-gyp\node_modules\cacache\node_modules\fs-minipass
16 error extraneous: minipass@7.1.2 D:\vibecoding\ssh\new-ssh\app\node_modules\node-gyp\node_modules\cacache\node_modules\minipass
16 error extraneous: minipass@3.3.6 D:\vibecoding\ssh\new-ssh\app\node_modules\node-gyp\node_modules\fs-minipass\node_modules\minipass
16 error extraneous: minipass@7.1.2 D:\vibecoding\ssh\new-ssh\app\node_modules\node-gyp\node_modules\glob\node_modules\minipass
16 error extraneous: minipass@7.1.2 D:\vibecoding\ssh\new-ssh\app\node_modules\node-gyp\node_modules\make-fetch-happen\node_modules\minipass
16 error extraneous: proc-log@4.2.0 D:\vibecoding\ssh\new-ssh\app\node_modules\node-gyp\node_modules\make-fetch-happen\node_modules\proc-log
16 error extraneous: minipass@7.1.2 D:\vibecoding\ssh\new-ssh\app\node_modules\node-gyp\node_modules\ssri\node_modules\minipass
16 error invalid: ms@2.1.2 D:\vibecoding\ssh\new-ssh\app\node_modules\debug\node_modules\ms
16 error invalid: ansi-styles@3.2.1 D:\vibecoding\ssh\new-ssh\app\node_modules\wrap-ansi\node_modules\ansi-styles
16 error invalid: string-width@3.1.0 D:\vibecoding\ssh\new-ssh\app\node_modules\wrap-ansi\node_modules\string-width
16 error invalid: strip-ansi@5.2.0 D:\vibecoding\ssh\new-ssh\app\node_modules\wrap-ansi\node_modules\strip-ansi
17 verbose cwd D:\vibecoding\ssh\new-ssh\app
18 verbose os Windows_NT 10.0.22631
19 verbose node v24.16.0
20 verbose npm  v11.13.0
21 verbose exit 1
22 verbose code 1
23 error A complete log of this run can be found in: D:\vibecoding\ssh\new-ssh\.npm-cache\_logs\2026-06-16T11_13_15_653Z-debug-0.log
